#OTU ID	soil00	soil01	soil02	soil03	soil04	soil05	soil06	soil07	soil08	soil09	soil10	soil11	soil12	soil13	soil14	soil15	soil16	soil17	soil18	soil19	soil20	soil21	soil22	soil23	soil24	soil25	soil26	soil27	soil28	soil29	soil30	soil31	soil32	soil33	soil34	soil35	soil36	soil37	soil38	soil39	soil40	soil41	soil42	soil43	soil44	soil45	soil46	soil47	soil48	soil49	soil50	soil51	soil52	soil53	soil54	soil55	soil56	soil57	soil58	soil59	taxonomy
OTU0000	160	151	160	120	62	221	266	145	210	127	160	179	57	67	141	54	95	110	263	173	167	72	78	71	62	112	139	82	131	35	96	100	113	150	187	30	75	89	213	63	66	177	169	103	239	148	199	171	179	201	72	187	140	200	134	153	123	85	211	220	k__Bacteria; p__Verrucomicrobia; c__; o__; f__; g__Chthoniobacter
OTU0001	105	395	72	44	206	511	215	199	201	267	55	69	48	9	80	102	63	242	90	158	1	1	0	0	0	0	0	0	0	0	0	0	1	2	1	0	0	1	1	0	1	5	16	7	4	8	3	5	0	8	1	5	39	8	10	14	10	0	18	1	k__Bacteria; p__Acidobacteria; c__; o__; f__; g__Bryobacter
OTU0002	4	2	3	2	1	0	1	0	2	1	5	1	1	2	2	0	4	0	1	1	7	5	5	0	5	2	8	14	10	2	16	4	6	2	12	1	2	4	5	3	3	4	5	2	6	5	4	6	3	4	0	5	2	3	1	4	2	3	2	3	k__Bacteria; p__Firmicutes; c__; o__; f__; g__Bacillus
OTU0003	5	13	12	11	3	14	20	16	15	9	16	23	2	7	9	4	5	6	23	9	8	6	7	2	2	9	9	8	7	1	7	6	7	23	10	0	4	6	16	6	4	15	11	2	19	11	16	18	9	11	4	17	7	16	8	14	11	11	13	11	k__Bacteria; p__Chloroflexi; c__; o__; f__; g__Roseiflexus
OTU0004	65	210	48	38	108	234	143	112	112	129	46	54	22	19	52	45	34	110	87	96	4	3	0	2	1	3	4	2	1	1	0	2	3	6	4	1	2	4	13	1	5	16	31	1	18	7	9	22	7	12	9	11	38	27	17	26	12	2	26	13	k__Bacteria; p__Acidobacteria; c__; o__; f__; g__Terriglobus
OTU0005	188	201	174	119	69	231	240	184	237	153	168	173	57	80	150	48	99	127	276	155	148	53	66	58	69	110	91	89	79	27	62	88	99	129	148	22	73	81	207	43	76	193	150	127	185	147	150	181	154	195	72	171	139	172	119	165	103	79	184	198	k__Bacteria; p__Verrucomicrobia; c__; o__; f__; g__Chthoniobacter
OTU0006	12	13	22	15	5	15	27	10	23	14	15	15	9	10	10	1	8	9	18	13	20	11	11	9	9	20	19	15	15	5	7	14	16	24	24	3	9	14	39	4	11	23	14	18	32	20	31	25	25	23	15	23	11	26	13	25	13	15	31	24	k__Bacteria; p__Verrucomicrobia; c__; o__; f__; g__Chthoniobacter
OTU0007	2	0	3	1	0	0	2	2	1	0	5	7	0	2	3	0	1	0	3	1	59	9	62	29	18	28	86	46	63	18	83	24	32	27	89	32	26	20	52	39	10	19	7	5	18	16	41	19	25	22	7	19	1	8	6	7	11	27	3	36	k__Bacteria; p__Bacteroidetes; c__; o__; f__; g__Chitinophaga
OTU0008	491	577	564	348	170	591	940	525	795	422	538	665	166	209	515	145	319	386	870	540	429	162	107	143	207	310	241	220	214	81	74	267	301	378	329	65	170	239	579	131	206	526	531	299	640	453	456	537	466	579	183	473	410	634	424	572	395	209	627	522	k__Bacteria; p__Planctomycetes; c__; o__; f__; g__Planctomyces
OTU0009	2	0	1	4	2	5	3	3	5	3	7	4	1	1	3	0	1	2	3	2	1	0	0	0	0	0	1	0	0	0	0	0	1	1	0	0	0	0	2	0	0	1	4	5	7	2	2	2	0	1	0	5	1	3	4	3	1	0	3	0	k__Bacteria; p__Verrucomicrobia; c__; o__; f__; g__Chthoniobacter
OTU0010	83	62	82	60	11	69	116	75	94	59	80	78	18	32	71	24	49	36	103	57	108	32	56	51	47	71	66	62	59	29	37	72	74	84	111	25	47	47	133	33	43	77	79	51	114	74	82	98	72	115	26	101	50	109	63	70	57	44	98	92	k__Bacteria; p__Actinobacteria; c__; o__; f__; g__Mycobacterium
OTU0011	54	74	47	30	17	77	76	44	85	41	59	50	15	21	40	10	23	42	77	38	23	8	2	12	10	14	13	7	5	3	2	11	8	36	10	2	8	16	31	4	12	23	30	23	51	21	34	30	29	33	16	18	33	40	30	46	31	13	46	24	k__Bacteria; p__Planctomycetes; c__; o__; f__; g__Gemmata
OTU0012	15	14	11	7	4	21	26	13	21	19	14	19	6	7	8	7	9	14	24	19	2	2	1	2	4	2	3	2	1	0	0	1	6	6	3	2	2	9	9	0	1	8	11	4	8	7	5	9	5	8	2	6	13	11	8	9	7	3	12	1	k__Bacteria; p__Chloroflexi; c__; o__; f__; g__Roseiflexus
OTU0013	5	0	9	11	0	0	5	2	4	0	10	7	1	6	5	0	1	0	14	0	221	54	181	95	81	161	308	158	234	63	208	126	157	117	344	93	124	82	183	124	75	108	40	65	121	74	176	75	135	93	39	128	7	77	23	31	53	136	22	178	k__Bacteria; p__Planctomycetes; c__; o__; f__; g__Gemmata
OTU0014	1	1	6	1	1	0	8	2	3	1	12	12	2	7	6	0	0	1	14	5	24	9	5	14	14	23	17	16	8	3	7	18	14	26	33	5	14	15	32	1	13	17	8	16	17	19	18	21	16	22	10	25	9	21	3	13	7	14	11	17	k__Bacteria; p__Chloroflexi; c__; o__; f__; g__Ktedonobacter
OTU0015	5	4	11	2	1	2	11	7	6	3	6	6	3	1	2	0	2	1	6	3	6	4	1	5	1	1	1	1	2	0	0	2	1	7	2	0	0	3	5	0	2	8	10	2	2	5	5	10	2	7	1	8	1	6	7	8	8	6	10	8	k__Bacteria; p__Verrucomicrobia; c__; o__; f__; g__Chthoniobacter
OTU0016	13	7	18	8	2	8	23	11	25	9	15	11	3	10	11	2	5	6	22	11	25	8	11	15	11	16	22	12	16	4	9	18	20	19	27	5	13	9	40	8	14	28	19	13	34	27	24	25	32	21	6	32	12	22	18	17	8	13	14	27	k__Bacteria; p__Verrucomicrobia; c__; o__; f__; g__Candidatus_Udaeobacter
OTU0017	1	0	1	0	0	0	1	1	0	0	1	1	0	0	1	0	0	0	4	0	1	0	5	3	5	7	10	9	7	1	6	4	8	4	11	6	7	3	11	4	1	7	3	2	4	4	7	8	5	4	1	5	0	3	2	3	4	4	2	8	k__Bacteria; p__Firmicutes; c__; o__; f__; g__Clostridium
OTU0018	0	0	0	0	0	0	0	0	0	0	0	0	0	0	0	0	0	0	0	0	0	0	1	0	1	0	1	0	0	0	2	1	0	0	2	0	0	0	4	0	0	0	0	0	0	0	0	1	0	0	0	0	0	0	0	1	0	0	0	0	k__Bacteria; p__Proteobacteria; c__; o__; f__; g__Rhodoplanes
OTU0019	1	0	3	1	0	0	0	2	1	0	1	0	0	0	1	0	0	0	1	0	0	1	0	0	1	0	0	0	0	0	0	0	0	1	1	0	0	0	2	0	0	0	1	0	0	1	0	1	0	3	0	0	0	3	1	0	0	1	0	1	k__Bacteria; p__Chloroflexi; c__; o__; f__; g__Roseiflexus
OTU0020	305	241	368	253	52	244	484	264	398	199	383	436	92	156	298	77	191	144	558	297	1136	308	843	444	388	750	1080	783	910	302	1095	582	652	762	1523	407	544	436	1107	566	347	683	410	369	738	490	805	624	663	694	235	721	245	630	333	465	383	540	467	881	k__Bacteria; p__Firmicutes; c__; o__; f__; g__Bacillus
OTU0021	2	1	5	3	1	1	3	2	3	1	2	1	0	0	2	0	0	1	3	3	9	2	6	5	1	2	6	3	5	0	3	4	2	3	8	2	7	1	5	3	1	3	3	1	1	2	4	3	5	4	4	5	2	4	1	5	1	3	2	2	k__Bacteria; p__Bacteroidetes; c__; o__; f__; g__Mucilaginibacter
OTU0022	1	0	1	1	0	1	0	1	1	2	1	2	0	1	0	0	0	0	1	0	19	2	20	7	8	14	24	8	14	9	48	9	14	8	32	6	7	8	16	17	3	10	4	2	8	8	11	8	10	11	2	9	0	5	3	4	1	6	0	20	k__Bacteria; p__Actinobacteria; c__; o__; f__; g__Nocardioides
OTU0023	19	22	30	18	5	11	34	14	24	14	24	28	12	11	13	4	17	9	40	20	47	14	11	15	18	29	28	24	22	4	18	23	28	43	35	7	16	14	47	18	23	33	30	23	33	25	38	37	29	31	17	32	23	35	26	25	9	26	34	38	k__Bacteria; p__Proteobacteria; c__; o__; f__; g__Rhodoplanes
OTU0024	4	8	5	5	1	6	15	7	4	4	11	14	2	2	1	1	5	2	18	6	22	6	25	8	7	22	16	10	17	5	20	16	14	15	31	10	12	11	26	15	6	21	7	9	17	16	22	11	19	20	8	21	8	14	9	20	12	15	15	15	k__Bacteria; p__Firmicutes; c__; o__; f__; g__Bacillus
OTU0025	0	0	1	0	0	0	0	1	1	0	1	1	0	1	2	0	1	0	2	1	38	2	29	12	13	17	50	27	36	12	83	19	15	17	61	15	14	9	22	28	4	5	2	4	13	5	10	10	16	7	6	19	0	3	5	2	3	20	1	19	k__Bacteria; p__Firmicutes; c__; o__; f__; g__Clostridium
OTU0026	75	50	86	51	7	61	86	59	81	42	70	95	21	25	61	20	39	42	138	58	115	31	66	39	43	82	74	79	88	28	44	69	70	105	122	26	53	54	147	45	58	113	89	59	140	83	132	101	98	126	37	105	69	96	77	94	77	71	98	116	k__Bacteria; p__Verrucomicrobia; c__; o__; f__; g__Candidatus_Udaeobacter
OTU0027	304	349	320	227	108	361	480	323	423	256	366	354	94	112	292	101	149	200	464	327	365	104	141	117	139	211	245	196	187	75	115	195	224	277	347	77	163	153	416	95	131	279	262	175	342	240	299	304	250	340	96	288	226	369	191	253	208	164	271	333	k__Bacteria; p__Proteobacteria; c__; o__; f__; g__Massilia
OTU0028	3	0	0	1	0	0	2	1	1	0	1	1	0	0	2	1	0	3	1	0	3	1	0	0	0	1	0	3	3	0	2	0	2	2	2	3	2	1	2	0	1	2	1	3	2	1	3	2	2	1	1	0	0	1	0	1	1	0	1	2	k__Bacteria; p__Chloroflexi; c__; o__; f__; g__Roseiflexus
OTU0029	59	72	70	34	10	68	90	70	80	48	72	71	22	29	60	18	22	32	112	58	114	38	54	36	46	77	85	74	80	22	56	61	67	106	126	39	49	47	109	54	43	73	70	50	87	58	76	64	90	91	30	72	49	92	57	58	44	52	80	101	k__Bacteria; p__Firmicutes; c__; o__; f__; g__Bacillus
OTU0030	89	80	92	71	24	101	166	96	130	81	101	112	29	37	97	27	47	71	165	93	53	22	10	18	25	34	24	21	22	8	0	25	46	50	28	3	20	30	70	10	18	59	98	36	73	60	52	72	53	96	28	48	73	88	63	88	58	18	81	65	k__Bacteria; p__Chloroflexi; c__; o__; f__; g__Roseiflexus
OTU0031	32	18	24	28	2	18	31	20	25	13	33	38	7	12	19	0	15	17	35	19	87	29	44	32	30	53	59	73	63	18	49	49	56	42	116	36	38	31	80	32	31	54	36	26	64	42	69	46	55	49	20	57	29	60	25	36	35	39	36	70	k__Bacteria; p__Proteobacteria; c__; o__; f__; g__Sphingomonas
OTU0032	0	1	3	1	0	3	2	2	1	2	1	0	1	1	2	1	0	0	1	0	5	1	2	4	3	3	3	2	2	0	5	0	2	4	7	1	3	0	5	2	0	3	2	2	2	3	1	3	3	1	0	1	0	2	1	4	0	4	1	1	k__Bacteria; p__Chloroflexi; c__; o__; f__; g__Roseiflexus
OTU0033	78	89	107	73	25	104	139	75	129	83	124	106	41	34	106	28	47	62	172	105	150	41	69	42	50	108	97	66	97	25	81	72	104	111	175	32	67	74	141	51	64	140	107	85	161	104	152	113	128	141	48	134	89	156	83	88	92	86	129	172	k__Bacteria; p__Verrucomicrobia; c__; o__; f__; g__Candidatus_Udaeobacter
OTU0034	2	0	3	0	0	0	7	1	1	1	3	5	1	4	2	0	2	0	6	0	31	6	24	16	6	19	38	22	31	5	29	22	27	17	47	17	20	9	31	19	11	18	5	8	18	11	25	13	13	18	10	21	2	11	7	8	10	15	6	21	k__Bacteria; p__Firmicutes; c__; o__; f__; g__Clostridium
OTU0035	11	9	15	16	3	10	22	18	21	11	19	13	5	5	10	4	5	11	24	13	52	18	35	20	19	35	40	32	31	11	64	32	40	37	57	14	18	14	48	20	12	34	21	16	43	20	43	41	37	29	17	35	15	23	19	21	17	26	24	41	k__Bacteria; p__Actinobacteria; c__; o__; f__; g__Arthrobacter
OTU0036	213	220	187	118	76	285	310	191	253	152	183	214	58	71	170	81	99	124	291	194	245	91	125	90	97	153	204	150	161	65	122	132	170	191	253	60	112	102	265	94	90	182	175	123	244	146	211	174	170	206	75	172	155	235	132	169	150	102	173	238	k__Bacteria; p__Proteobacteria; c__; o__; f__; g__Massilia
OTU0037	88	82	99	68	7	71	149	71	124	66	124	126	35	47	86	17	61	55	187	108	305	101	212	155	123	230	308	235	262	77	298	199	219	224	504	95	177	158	363	170	120	226	146	135	238	147	255	212	211	214	73	227	75	204	93	161	119	181	133	319	k__Bacteria; p__Proteobacteria; c__; o__; f__; g__Rhodoplanes
OTU0038	0	0	0	0	0	0	0	0	0	0	0	0	0	0	0	0	1	0	0	0	0	0	0	0	0	0	0	0	0	0	0	0	0	0	0	0	0	0	0	0	0	0	0	0	0	0	0	1	0	0	0	0	0	0	0	0	0	0	0	0	k__Bacteria; p__Acidobacteria; c__; o__; f__; g__Acidobacterium
OTU0039	250	194	330	216	34	184	394	189	347	147	341	350	87	110	233	60	154	107	422	219	585	193	295	249	219	446	464	356	392	159	227	366	405	457	555	158	332	249	663	235	216	454	324	254	534	335	532	445	431	486	163	433	199	497	269	346	279	300	358	594	k__Bacteria; p__Firmicutes; c__; o__; f__; g__Clostridium
OTU0040	27	21	22	8	7	29	32	16	34	22	27	33	8	4	22	10	8	16	34	20	11	10	13	12	8	15	7	8	17	5	13	21	11	17	24	5	12	10	26	11	15	14	22	14	34	22	10	22	13	15	12	15	16	24	13	18	13	9	15	17	k__Bacteria; p__Bacteroidetes; c__; o__; f__; g__Flavobacterium
OTU0041	16	24	14	9	6	25	28	13	20	18	12	21	8	3	15	3	6	16	17	13	1	0	0	0	0	1	3	0	0	0	0	0	1	2	0	0	0	1	2	0	2	4	2	5	3	1	3	2	0	4	0	0	10	3	2	7	6	1	5	0	k__Bacteria; p__Acidobacteria; c__; o__; f__; g__Acidobacterium
OTU0042	0	0	0	0	0	0	0	0	0	0	0	0	0	0	0	0	0	0	0	0	0	0	0	0	0	0	0	0	0	0	0	0	0	0	0	0	0	0	0	0	0	0	0	0	0	0	0	0	0	0	0	0	0	0	0	0	0	0	0	0	k__Bacteria; p__Planctomycetes; c__; o__; f__; g__Gemmata
OTU0043	309	486	297	188	175	552	535	401	501	371	287	299	105	94	304	156	175	300	403	356	43	17	6	14	20	29	16	13	16	4	3	35	25	59	24	1	18	42	83	6	38	104	204	69	161	89	79	98	63	146	39	76	192	190	126	171	100	8	234	74	k__Bacteria; p__Planctomycetes; c__; o__; f__; g__Gemmata
OTU0044	72	46	79	34	14	52	96	50	87	44	78	84	21	25	54	13	31	34	111	70	178	62	124	68	69	96	152	126	130	49	144	85	97	116	217	51	80	73	165	79	57	132	82	66	160	88	129	105	115	126	47	128	52	120	60	91	73	85	80	146	k__Bacteria; p__Firmicutes; c__; o__; f__; g__Clostridium
OTU0045	65	40	67	46	8	37	80	64	95	50	67	78	17	29	65	14	36	35	118	52	18	5	0	3	6	20	9	6	10	5	0	10	15	32	8	1	12	13	31	2	18	33	50	29	60	31	30	39	22	48	16	36	55	64	49	54	37	8	77	37	k__Bacteria; p__Verrucomicrobia; c__; o__; f__; g__Chthoniobacter
OTU0046	46	12	44	44	0	7	55	33	33	11	67	61	6	28	45	4	27	7	77	22	204	66	72	79	76	137	132	120	109	41	48	130	135	162	181	39	107	75	226	79	61	142	83	85	152	113	162	131	133	146	51	155	49	128	59	90	84	94	77	178	k__Bacteria; p__Bacteroidetes; c__; o__; f__; g__Chitinophaga
OTU0047	461	602	429	256	237	743	734	517	565	455	399	471	157	129	372	178	231	402	564	467	338	124	140	127	136	204	196	166	203	57	99	188	246	269	312	52	130	161	397	115	153	269	308	173	381	244	305	317	249	336	137	282	263	426	195	304	215	138	308	297	k__Bacteria; p__Acidobacteria; c__; o__; f__; g__Granulicella
OTU0048	1077	847	1125	748	178	941	1702	933	1450	750	1033	1280	319	437	1022	290	614	552	1706	1017	536	239	67	181	215	360	209	190	235	67	48	365	374	606	262	52	188	318	864	82	322	767	996	542	1075	739	649	826	672	1054	357	729	874	1196	787	1006	727	228	1256	765	k__Bacteria; p__Verrucomicrobia; c__; o__; f__; g__Chthoniobacter
OTU0049	2	1	1	0	0	1	2	6	1	4	2	1	1	1	3	0	0	0	3	0	7	2	2	3	2	3	5	7	7	2	9	8	4	6	7	0	2	5	5	2	1	6	3	1	7	2	6	3	3	7	3	4	2	4	4	6	1	5	3	4	k__Bacteria; p__Bacteroidetes; c__; o__; f__; g__Mucilaginibacter
OTU0050	101	103	88	60	42	97	162	91	135	90	103	113	32	38	88	28	50	73	163	104	133	44	58	52	64	95	101	75	87	35	68	58	96	103	140	30	65	63	136	47	53	100	76	64	124	79	106	121	73	133	34	105	56	138	83	86	73	49	97	124	k__Bacteria; p__Bacteroidetes; c__; o__; f__; g__Flavobacterium
OTU0051	3	1	1	4	0	1	2	3	5	1	1	3	2	1	2	0	3	1	2	7	8	4	4	2	1	5	2	1	6	0	1	1	1	3	3	1	0	5	9	0	0	5	3	2	4	0	1	4	3	6	3	5	1	2	3	2	6	1	3	4	k__Bacteria; p__Proteobacteria; c__; o__; f__; g__Bradyrhizobium
OTU0052	114	206	101	53	91	221	168	130	132	162	79	79	38	29	95	41	51	108	104	95	18	7	2	6	9	13	12	7	13	3	3	13	15	31	10	3	9	17	28	2	16	31	51	20	47	43	22	25	18	37	10	41	54	52	28	55	32	12	61	26	k__Bacteria; p__Acidobacteria; c__; o__; f__; g__Granulicella
OTU0053	49	56	45	28	16	60	72	43	59	29	49	54	17	9	44	16	31	25	80	47	36	15	9	15	23	23	27	18	31	5	14	27	19	32	32	8	17	26	41	18	13	34	42	24	40	30	34	38	31	49	20	29	22	43	19	40	19	22	45	39	k__Bacteria; p__Proteobacteria; c__; o__; f__; g__Sphingomonas
OTU0054	142	129	117	91	41	121	193	122	155	87	125	140	34	52	101	27	66	74	182	131	164	48	65	70	63	106	101	77	92	30	50	87	108	119	164	31	85	84	190	61	50	131	113	70	147	110	151	137	114	154	56	124	82	165	98	125	77	76	133	136	k__Bacteria; p__Proteobacteria; c__; o__; f__; g__Rhodoplanes
OTU0055	32	21	34	20	2	13	43	27	34	25	40	23	8	11	30	6	15	18	48	14	81	30	61	51	39	73	72	61	67	25	80	54	55	64	118	26	38	39	75	46	20	56	37	27	65	34	70	58	55	68	20	68	23	63	21	34	26	34	39	73	k__Bacteria; p__Bacteroidetes; c__; o__; f__; g__Chitinophaga
OTU0056	3	3	6	4	0	0	3	2	4	1	4	5	0	1	3	0	1	2	10	3	92	15	93	26	28	49	99	61	61	26	172	26	36	37	105	42	33	26	49	58	10	30	12	15	38	18	28	22	25	24	14	37	3	13	6	8	15	29	7	44	k__Bacteria; p__Bacteroidetes; c__; o__; f__; g__Chitinophaga
OTU0057	156	92	133	102	21	98	182	78	158	83	167	161	31	58	117	30	66	67	233	127	278	105	138	111	101	184	203	180	168	56	122	150	189	203	314	66	123	131	335	106	100	209	154	135	245	189	242	197	175	237	55	200	103	225	92	183	131	126	166	285	k__Bacteria; p__Proteobacteria; c__; o__; f__; g__Pseudomonas
OTU0058	0	0	0	0	0	0	0	1	0	0	1	1	0	0	0	0	0	0	0	0	1	1	0	1	0	0	1	1	2	0	3	0	0	0	0	0	1	1	1	0	0	0	3	1	0	0	3	1	1	2	0	0	0	2	1	1	0	1	0	1	k__Bacteria; p__Bacteroidetes; c__; o__; f__; g__Mucilaginibacter
OTU0059	65	22	77	60	5	28	84	54	76	34	76	112	19	37	54	6	37	20	150	46	337	99	176	116	130	219	281	210	234	75	164	197	207	221	370	85	171	134	316	133	101	220	131	125	224	169	253	180	201	218	65	235	59	172	91	111	110	151	117	284	k__Bacteria; p__Bacteroidetes; c__; o__; f__; g__Chitinophaga
OTU0060	3	2	2	3	0	3	0	3	0	3	1	0	1	2	1	2	1	1	1	3	3	1	1	2	1	2	3	2	2	1	3	3	3	4	2	2	3	1	7	1	2	6	0	2	6	3	3	4	2	5	2	2	5	3	3	4	0	0	6	4	k__Bacteria; p__Verrucomicrobia; c__; o__; f__; g__Chthoniobacter
OTU0061	0	0	2	1	0	0	4	2	2	1	6	6	0	2	2	0	0	0	5	0	19	6	12	10	6	12	16	14	13	9	31	12	9	14	33	4	9	9	14	11	0	6	3	6	9	5	6	7	8	9	3	10	0	7	8	3	1	11	6	12	k__Bacteria; p__Bacteroidetes; c__; o__; f__; g__Mucilaginibacter
OTU0062	0	0	0	0	0	0	0	0	0	1	0	0	0	0	0	0	0	0	0	0	0	0	0	0	0	0	0	0	0	0	0	0	0	0	0	0	0	0	0	0	0	0	0	0	0	0	0	0	0	0	0	0	0	0	0	0	0	0	0	0	k__Bacteria; p__Proteobacteria; c__; o__; f__; g__Massilia
OTU0063	168	98	219	160	14	88	279	149	242	85	221	205	68	107	163	27	110	71	341	168	235	81	45	91	82	183	117	85	112	34	18	123	153	212	146	19	98	116	321	62	139	321	244	187	342	257	209	276	276	313	106	268	187	329	224	260	198	117	313	276	k__Bacteria; p__Planctomycetes; c__; o__; f__; g__Gemmata
OTU0064	45	53	33	30	8	47	64	40	50	36	39	31	15	13	32	15	31	27	66	40	24	11	7	8	6	22	17	14	20	2	2	14	16	21	23	2	16	16	37	5	16	34	45	16	35	25	25	33	39	26	11	36	27	36	23	39	29	18	51	32	k__Bacteria; p__Planctomycetes; c__; o__; f__; g__Gemmata
OTU0065	6	3	4	2	2	7	9	9	5	3	2	9	1	3	5	2	3	6	10	7	4	1	3	4	2	5	1	3	5	2	2	4	4	5	5	0	3	3	6	2	1	9	6	3	5	6	3	5	6	7	2	7	6	9	2	4	0	2	4	4	k__Bacteria; p__Planctomycetes; c__; o__; f__; g__Gemmata
OTU0066	3	2	6	4	0	3	4	6	5	1	3	4	0	2	4	1	0	1	12	6	40	3	13	11	7	27	26	16	12	4	16	14	15	8	13	2	12	10	32	12	8	14	10	15	22	8	17	10	18	18	11	20	8	13	3	4	10	11	9	24	k__Bacteria; p__Proteobacteria; c__; o__; f__; g__Pseudomonas
OTU0067	17	39	8	7	10	28	21	28	27	16	14	10	5	2	15	5	3	22	14	11	0	2	0	0	0	1	0	0	1	0	0	1	0	0	0	0	0	1	2	0	1	1	6	0	3	3	3	2	2	1	2	1	4	8	4	4	3	0	6	1	k__Bacteria; p__Chloroflexi; c__; o__; f__; g__Roseiflexus
OTU0068	205	236	196	137	85	286	325	204	276	194	213	236	67	71	195	79	109	169	303	198	135	51	53	51	57	95	86	76	90	26	46	100	96	117	122	40	63	89	214	58	57	177	188	113	211	125	179	192	157	206	80	167	159	203	127	177	142	73	195	193	k__Bacteria; p__Planctomycetes; c__; o__; f__; g__Gemmata
OTU0069	13	5	17	16	0	3	16	10	12	3	18	29	1	12	18	1	7	6	37	11	273	61	196	94	96	170	258	194	222	66	307	118	144	135	388	116	128	77	212	146	74	127	52	47	117	77	169	77	110	86	44	121	17	101	32	41	53	102	38	173	k__Bacteria; p__Firmicutes; c__; o__; f__; g__Paenibacillus
OTU0070	18	8	17	28	2	7	15	12	17	3	25	27	6	11	18	0	11	8	35	12	268	75	328	127	105	157	289	201	236	73	472	152	167	157	483	152	131	81	203	191	69	109	45	62	131	78	180	106	132	93	52	132	21	83	49	53	35	139	52	202	k__Bacteria; p__Bacteroidetes; c__; o__; f__; g__Mucilaginibacter
OTU0071	32	58	27	15	34	83	45	38	42	54	20	27	16	6	20	21	16	51	33	34	2	2	0	1	3	1	2	0	1	0	0	4	2	7	0	0	0	5	6	2	2	5	8	3	12	4	6	8	3	10	1	5	21	10	7	17	6	2	18	9	k__Bacteria; p__Acidobacteria; c__; o__; f__; g__Bryobacter
OTU0072	3	0	5	2	0	0	1	0	3	0	0	1	0	1	3	0	0	1	5	0	11	6	6	3	3	10	10	10	4	4	9	7	6	7	17	2	10	3	9	5	0	7	3	1	6	5	6	9	8	3	2	5	2	7	2	3	6	2	4	7	k__Bacteria; p__Firmicutes; c__; o__; f__; g__Paenibacillus
OTU0073	1	1	4	0	0	0	0	1	1	0	1	1	0	1	4	0	2	0	6	1	16	7	26	7	11	12	20	19	16	5	22	10	14	4	21	11	15	10	18	6	5	9	6	2	6	5	14	10	14	8	4	10	0	11	3	4	5	9	6	21	k__Bacteria; p__Bacteroidetes; c__; o__; f__; g__Mucilaginibacter
OTU0074	55	42	41	33	7	52	79	46	72	35	46	57	22	14	44	12	24	25	90	56	62	21	29	32	14	50	41	34	31	13	23	31	46	50	60	20	38	28	76	23	25	57	47	22	59	42	48	60	50	69	20	53	36	76	38	42	39	32	52	67	k__Bacteria; p__Bacteroidetes; c__; o__; f__; g__Chitinophaga
OTU0075	205	253	220	141	94	301	353	201	323	231	217	229	72	73	177	59	103	191	288	211	222	76	107	81	85	153	178	125	151	33	104	141	147	181	227	56	112	131	279	84	83	197	177	96	242	124	197	180	193	219	59	193	135	227	122	190	125	111	172	228	k__Bacteria; p__Firmicutes; c__; o__; f__; g__Clostridium
OTU0076	77	68	63	54	9	67	118	69	115	52	60	80	29	14	53	21	39	34	103	69	81	17	17	26	35	52	41	32	51	19	20	51	40	82	63	12	43	34	101	19	41	54	70	45	89	61	73	62	55	84	33	71	58	91	51	60	59	32	79	72	k__Bacteria; p__Acidobacteria; c__; o__; f__; g__Acidobacterium
OTU0077	157	228	159	114	72	258	314	194	282	176	175	175	70	61	163	61	112	134	233	180	45	15	6	25	29	35	33	18	19	11	3	42	38	64	32	3	27	47	89	14	38	103	123	67	131	97	85	91	91	120	52	89	127	152	72	130	108	33	158	78	k__Bacteria; p__Verrucomicrobia; c__; o__; f__; g__Candidatus_Udaeobacter
OTU0078	54	16	88	63	1	14	70	27	51	7	88	85	14	41	77	4	40	6	125	43	205	71	47	99	91	148	122	69	102	26	27	128	145	187	152	27	97	114	245	53	89	191	135	104	217	137	194	214	193	186	58	181	64	205	104	116	119	83	109	224	k__Bacteria; p__Firmicutes; c__; o__; f__; g__Paenibacillus
OTU0079	36	44	40	22	13	52	62	34	46	28	45	58	11	11	23	12	20	28	60	33	53	13	29	29	23	21	49	35	30	12	24	17	41	39	58	6	30	27	66	24	23	41	36	22	46	30	48	39	30	51	11	35	21	48	29	36	21	14	29	54	k__Bacteria; p__Chloroflexi; c__; o__; f__; g__Roseiflexus
OTU0080	290	288	340	227	79	295	469	243	393	207	348	350	95	107	289	85	168	169	469	264	648	198	399	248	257	425	541	395	457	157	485	379	414	496	741	169	317	314	664	288	213	518	341	272	514	357	486	428	420	515	157	444	218	443	271	349	294	337	334	534	k__Bacteria; p__Firmicutes; c__; o__; f__; g__Bacillus
OTU0081	0	1	1	0	0	2	2	2	4	0	5	4	0	2	1	2	5	2	6	3	2	0	0	1	1	0	1	0	0	0	0	0	0	0	1	0	0	1	0	1	2	1	1	0	0	1	1	1	0	2	1	1	3	4	2	1	2	0	2	1	k__Bacteria; p__Proteobacteria; c__; o__; f__; g__Bradyrhizobium
OTU0082	165	176	140	112	65	257	267	166	227	156	152	187	54	54	144	57	84	104	265	171	140	59	81	64	77	134	146	98	108	41	61	108	137	141	163	40	70	79	194	64	85	180	157	101	204	136	182	154	141	205	65	181	113	197	131	177	133	107	202	212	k__Bacteria; p__Planctomycetes; c__; o__; f__; g__Gemmata
OTU0083	71	86	64	33	20	94	106	73	131	68	78	65	21	31	75	22	31	51	110	65	50	15	16	16	24	38	43	23	40	10	10	31	20	58	46	10	14	29	78	15	10	50	63	22	77	49	61	58	50	61	18	58	36	63	44	44	48	32	81	76	k__Bacteria; p__Verrucomicrobia; c__; o__; f__; g__Chthoniobacter
OTU0084	107	84	90	61	34	97	107	75	115	84	93	98	16	34	73	24	49	41	135	80	151	36	80	71	55	122	128	95	95	37	98	97	111	141	210	42	57	62	184	77	40	118	79	67	145	81	122	108	121	107	58	105	55	136	64	90	84	64	72	153	k__Bacteria; p__Bacteroidetes; c__; o__; f__; g__Flavobacterium
OTU0085	9	7	10	13	4	17	20	17	18	8	13	13	3	2	9	2	6	8	15	17	30	5	11	8	11	21	15	11	18	5	14	14	20	17	20	3	8	12	35	14	17	14	19	6	34	20	27	20	17	20	6	30	12	24	13	13	17	16	23	40	k__Bacteria; p__Verrucomicrobia; c__; o__; f__; g__Candidatus_Udaeobacter
OTU0086	21	35	24	28	10	49	52	23	45	31	29	27	7	13	37	11	16	25	43	33	24	6	10	10	9	19	19	18	19	6	8	23	17	22	24	8	7	13	34	9	11	29	33	14	28	28	37	22	28	38	12	26	24	29	26	27	16	6	29	43	k__Bacteria; p__Verrucomicrobia; c__; o__; f__; g__Chthoniobacter
OTU0087	10	1	8	5	0	0	8	3	4	2	11	6	2	6	4	1	6	1	18	7	44	13	24	25	11	29	59	23	38	8	29	23	22	33	46	13	17	23	35	22	20	40	16	22	35	20	32	26	32	29	15	42	6	37	9	16	15	36	19	43	k__Bacteria; p__Verrucomicrobia; c__; o__; f__; g__Candidatus_Udaeobacter
OTU0088	263	745	173	90	382	961	498	402	470	524	155	199	105	52	192	155	141	439	257	325	9	6	1	5	7	6	8	6	1	0	0	7	14	21	9	1	7	8	31	3	12	21	83	24	54	22	23	44	18	39	13	24	118	77	37	58	33	3	86	21	k__Bacteria; p__Acidobacteria; c__; o__; f__; g__Terriglobus
OTU0089	0	0	0	0	0	0	0	0	0	0	0	0	0	0	0	0	0	0	0	0	2	0	2	1	0	1	1	1	0	1	5	1	0	0	3	1	1	0	1	2	0	0	0	0	0	0	0	0	1	0	0	0	0	0	0	0	0	1	0	0	k__Bacteria; p__Actinobacteria; c__; o__; f__; g__Arthrobacter
OTU0090	3	2	3	8	0	0	3	2	3	0	6	3	0	2	2	0	3	1	9	0	39	17	40	8	15	28	52	29	18	12	49	22	30	22	53	18	21	14	31	19	12	24	8	9	17	23	27	13	23	25	9	16	4	12	5	14	11	18	10	30	k__Bacteria; p__Actinobacteria; c__; o__; f__; g__Streptomyces
OTU0091	472	381	451	269	79	392	656	386	570	318	445	494	117	145	403	101	249	253	621	426	233	101	43	95	96	193	138	109	97	37	25	142	192	242	158	29	113	169	360	65	109	293	334	189	398	254	259	290	223	379	106	272	311	423	276	337	213	98	406	276	k__Bacteria; p__Chloroflexi; c__; o__; f__; g__Roseiflexus
OTU0092	31	17	48	42	4	16	58	29	38	24	54	48	11	20	35	9	20	26	89	34	167	58	145	88	58	101	187	127	145	48	166	103	123	112	247	59	88	98	180	117	53	101	70	64	128	74	125	91	102	106	33	125	34	117	64	65	56	86	55	154	k__Bacteria; p__Bacteroidetes; c__; o__; f__; g__Flavobacterium
OTU0093	10	3	12	5	0	3	13	4	10	0	10	8	3	3	6	0	5	1	13	5	31	11	14	11	10	19	18	21	25	6	15	24	24	20	41	7	15	12	27	11	8	23	19	16	26	17	30	25	18	20	7	23	4	16	13	23	22	11	17	33	k__Bacteria; p__Bacteroidetes; c__; o__; f__; g__Chitinophaga
OTU0094	26	12	46	28	6	20	37	21	40	15	43	42	12	26	37	2	27	15	69	26	210	64	158	97	72	130	217	155	169	59	230	129	132	105	307	73	105	67	181	99	62	127	59	65	113	79	130	103	109	110	36	115	30	101	52	59	51	102	50	165	k__Bacteria; p__Actinobacteria; c__; o__; f__; g__Mycobacterium
OTU0095	58	52	50	35	6	43	73	50	70	47	53	62	21	21	43	10	30	29	84	52	140	43	95	59	45	88	132	102	88	30	133	71	65	89	198	53	65	64	125	54	50	93	57	50	81	82	123	86	106	91	26	85	37	78	46	69	53	83	63	122	k__Bacteria; p__Firmicutes; c__; o__; f__; g__Paenibacillus
OTU0096	11	6	21	17	0	1	18	3	13	3	27	28	1	8	13	0	2	3	28	5	169	47	106	53	45	91	129	112	100	28	70	72	92	86	163	38	64	58	136	56	46	79	34	54	80	66	90	77	79	72	33	78	15	64	25	42	45	56	43	120	k__Bacteria; p__Firmicutes; c__; o__; f__; g__Clostridium
OTU0097	0	0	1	0	0	0	2	0	1	0	1	2	0	0	1	1	0	0	0	1	0	1	0	0	0	0	0	0	0	0	0	0	0	0	0	0	0	0	1	0	0	0	0	0	3	0	0	0	0	0	0	0	1	0	0	0	0	0	1	0	k__Bacteria; p__Planctomycetes; c__; o__; f__; g__Gemmata
OTU0098	2	3	1	3	0	1	3	2	4	0	3	3	1	1	1	0	0	0	0	2	5	0	2	3	3	1	3	4	1	1	1	2	3	4	2	1	2	1	4	0	1	3	6	5	4	2	1	3	3	4	5	5	1	3	2	4	4	0	1	0	k__Bacteria; p__Bacteroidetes; c__; o__; f__; g__Flavobacterium
OTU0099	21	36	24	13	6	36	33	28	39	25	17	21	6	1	24	10	18	25	36	22	0	1	2	4	2	0	0	1	0	1	0	2	2	6	2	0	2	2	9	0	1	12	26	5	14	9	4	10	4	15	4	3	25	19	9	12	13	4	15	8	k__Bacteria; p__Planctomycetes; c__; o__; f__; g__Planctomyces
OTU0100	15	1	14	11	0	3	14	9	19	5	14	30	6	10	13	3	7	4	25	8	87	24	26	27	29	52	53	48	52	14	16	50	46	59	70	17	39	39	99	25	33	50	20	37	69	58	69	43	53	46	19	53	12	55	25	39	24	29	28	79	k__Bacteria; p__Proteobacteria; c__; o__; f__; g__Sphingomonas
OTU0101	340	460	284	184	187	542	557	375	481	400	317	305	104	100	268	130	174	282	447	353	207	76	67	77	62	164	154	85	119	37	67	128	161	188	166	27	97	117	273	77	84	186	221	110	280	187	181	201	159	256	88	179	217	274	150	202	162	105	229	190	k__Bacteria; p__Acidobacteria; c__; o__; f__; g__Granulicella
OTU0102	151	164	118	92	70	209	225	164	238	145	144	174	42	53	146	55	85	119	201	136	60	35	20	29	29	47	36	28	31	8	12	55	57	79	47	13	23	39	93	23	29	76	89	50	92	73	70	98	74	96	46	79	102	117	75	92	76	30	109	73	k__Bacteria; p__Proteobacteria; c__; o__; f__; g__Rhodoplanes
OTU0103	0	0	1	0	0	0	0	0	0	0	0	1	0	0	0	0	0	0	0	0	33	1	39	13	8	18	42	28	43	12	49	16	15	9	50	12	18	7	18	19	3	6	0	2	5	2	15	9	5	3	3	10	1	2	2	2	1	20	1	14	k__Bacteria; p__Firmicutes; c__; o__; f__; g__Bacillus
OTU0104	0	0	1	1	0	0	0	1	0	0	1	0	0	0	0	0	1	0	6	0	15	3	3	3	4	5	9	8	2	2	7	7	5	4	7	1	3	3	19	6	8	4	2	3	13	2	1	6	4	8	3	7	2	4	2	7	3	1	5	15	k__Bacteria; p__Proteobacteria; c__; o__; f__; g__Bradyrhizobium
OTU0105	109	91	87	59	22	94	142	94	138	84	91	114	19	36	80	26	35	50	137	103	23	17	4	6	11	22	18	7	11	2	2	12	26	32	10	2	10	25	56	5	20	36	66	26	63	43	43	58	41	59	12	49	67	61	40	68	40	10	80	28	k__Bacteria; p__Proteobacteria; c__; o__; f__; g__Bradyrhizobium
OTU0106	79	65	97	88	22	70	104	81	115	63	104	117	29	35	73	19	44	50	156	85	248	64	152	86	72	186	237	148	167	69	230	133	147	167	302	69	115	96	237	104	63	140	95	90	200	132	178	155	138	169	61	150	70	159	78	109	93	112	120	187	k__Bacteria; p__Firmicutes; c__; o__; f__; g__Clostridium
OTU0107	17	11	22	27	0	7	35	14	22	6	30	27	3	6	18	2	10	8	31	17	121	33	73	53	37	76	90	68	82	29	81	63	56	69	174	30	50	42	106	45	28	58	37	35	52	46	90	58	76	57	21	55	16	54	27	39	30	55	43	84	k__Bacteria; p__Actinobacteria; c__; o__; f__; g__Streptomyces
OTU0108	16	17	30	17	2	13	41	15	28	18	23	29	7	5	23	3	10	11	34	16	101	26	79	46	36	67	98	69	68	24	107	55	55	73	142	30	49	35	94	32	25	60	39	41	53	41	61	62	44	59	15	70	23	51	32	34	40	43	31	69	k__Bacteria; p__Firmicutes; c__; o__; f__; g__Clostridium
OTU0109	0	0	0	0	0	0	0	0	0	0	0	0	0	0	0	0	0	0	0	0	0	0	0	0	0	0	1	0	1	0	0	0	0	0	0	0	0	0	0	0	0	0	0	0	0	0	0	0	0	0	0	0	0	0	0	0	0	0	0	0	k__Bacteria; p__Bacteroidetes; c__; o__; f__; g__Chitinophaga
OTU0110	153	182	176	109	72	224	240	167	245	182	154	189	50	49	129	58	83	141	213	165	128	55	36	45	50	72	74	68	79	35	47	82	79	114	82	29	47	59	155	47	57	137	139	71	178	117	126	154	126	161	46	134	108	172	108	129	112	76	165	152	k__Bacteria; p__Verrucomicrobia; c__; o__; f__; g__Chthoniobacter
OTU0111	5	5	5	4	0	2	11	4	5	4	1	1	0	0	1	0	1	4	8	5	2	1	1	1	1	1	0	1	6	0	0	4	2	2	2	1	0	2	4	1	1	4	3	4	5	2	5	3	1	7	0	3	6	1	1	2	2	3	4	6	k__Bacteria; p__Planctomycetes; c__; o__; f__; g__Planctomyces
OTU0112	0	0	0	0	0	0	0	0	0	0	0	0	0	0	0	0	0	0	0	0	0	0	0	0	0	0	0	0	0	0	0	0	0	0	0	0	0	0	0	0	0	0	0	0	0	0	0	1	0	0	0	0	0	0	0	0	0	0	0	0	k__Bacteria; p__Firmicutes; c__; o__; f__; g__Clostridium
OTU0113	73	78	67	47	31	86	114	59	64	55	70	85	26	30	68	18	39	47	89	73	103	24	47	25	23	51	67	40	60	13	30	43	58	49	80	17	26	32	103	32	29	77	75	41	81	56	80	77	58	67	31	79	50	92	50	56	61	46	73	87	k__Bacteria; p__Verrucomicrobia; c__; o__; f__; g__Chthoniobacter
OTU0114	18	15	17	14	2	15	32	16	33	11	23	18	4	4	19	4	15	11	20	19	33	11	11	11	10	19	19	11	19	12	11	17	10	21	34	6	19	9	30	6	6	13	23	18	28	16	20	24	18	24	13	24	15	14	15	18	12	4	23	26	k__Bacteria; p__Proteobacteria; c__; o__; f__; g__Rhodoplanes
OTU0115	12	12	10	13	0	15	19	11	18	11	13	16	4	2	7	7	6	7	21	9	12	3	6	7	7	8	10	5	7	5	3	11	9	17	13	1	8	8	17	5	6	10	13	10	14	10	15	6	11	11	4	19	8	18	6	17	9	11	11	11	k__Bacteria; p__Chloroflexi; c__; o__; f__; g__Roseiflexus
OTU0116	41	60	31	36	21	80	72	49	71	38	35	48	14	12	47	13	30	29	60	58	21	12	6	8	9	19	7	8	8	1	3	10	16	13	16	6	11	9	26	1	9	16	39	18	36	14	29	37	20	28	10	18	30	40	24	31	19	15	36	28	k__Bacteria; p__Planctomycetes; c__; o__; f__; g__Planctomyces
OTU0117	271	207	320	229	51	188	437	236	333	176	377	426	104	135	279	56	181	119	565	263	1319	366	978	481	434	820	1142	832	999	348	1269	713	765	812	1731	482	582	504	1201	630	366	728	439	393	761	527	884	707	695	739	276	723	247	633	331	459	357	626	439	963	k__Bacteria; p__Bacteroidetes; c__; o__; f__; g__Mucilaginibacter
OTU0118	74	81	63	37	20	83	111	57	89	55	71	67	21	27	49	20	43	57	109	64	86	25	27	22	31	46	46	37	39	17	31	46	48	62	79	20	41	29	105	19	30	51	48	32	78	42	66	63	60	70	25	52	52	76	54	70	40	33	55	65	k__Bacteria; p__Chloroflexi; c__; o__; f__; g__Roseiflexus
OTU0119	85	63	103	86	15	50	133	54	92	58	111	116	32	37	71	11	45	46	141	57	142	47	57	62	56	98	105	75	96	29	50	77	107	105	137	31	82	80	165	55	51	109	101	60	167	79	135	107	115	139	47	121	64	144	64	89	71	67	103	139	k__Bacteria; p__Chloroflexi; c__; o__; f__; g__Ktedonobacter
OTU0120	21	5	35	30	1	4	36	9	19	5	42	37	3	11	24	0	15	5	63	12	392	91	255	163	129	212	378	268	279	86	255	202	220	227	476	139	190	136	327	165	109	187	73	115	191	134	242	153	205	172	68	190	37	132	46	89	78	163	69	295	k__Bacteria; p__Actinobacteria; c__; o__; f__; g__Mycobacterium
OTU0121	413	552	391	218	195	673	636	414	539	436	404	448	148	114	334	140	245	309	585	418	314	97	106	107	111	196	178	148	179	42	90	175	189	259	258	52	131	149	400	79	126	266	317	184	325	263	284	295	239	404	120	249	290	366	234	300	204	131	335	291	k__Bacteria; p__Proteobacteria; c__; o__; f__; g__Rhodoplanes
OTU0122	133	119	136	101	24	132	213	119	189	105	155	163	35	53	141	37	64	80	223	147	273	83	144	94	98	163	210	139	158	54	146	135	165	170	251	74	92	117	262	114	116	209	170	136	244	172	234	216	170	250	97	238	101	229	129	177	175	142	175	271	k__Bacteria; p__Verrucomicrobia; c__; o__; f__; g__Candidatus_Udaeobacter
OTU0123	241	313	242	148	105	330	401	227	369	214	223	269	79	81	217	78	132	200	327	247	223	78	89	76	84	146	159	108	136	40	102	110	127	167	215	41	84	123	240	81	118	236	236	136	247	155	197	230	211	268	103	213	167	267	164	209	153	126	272	258	k__Bacteria; p__Verrucomicrobia; c__; o__; f__; g__Chthoniobacter
OTU0124	116	47	121	99	7	47	149	63	110	36	113	161	30	60	104	11	57	43	216	86	72	33	8	38	29	41	33	32	35	6	2	66	59	88	45	2	34	56	136	19	41	107	127	71	165	121	102	101	98	147	39	99	90	146	111	137	95	30	138	111	k__Bacteria; p__Acidobacteria; c__; o__; f__; g__Acidobacterium
OTU0125	12	13	25	13	1	11	26	15	26	13	24	27	2	11	26	1	16	7	42	21	104	23	73	35	32	58	78	70	53	18	98	52	62	58	121	28	31	35	85	54	29	58	35	32	60	50	61	39	49	57	15	48	28	33	36	32	31	44	30	66	k__Bacteria; p__Firmicutes; c__; o__; f__; g__Paenibacillus
OTU0126	8	15	13	5	3	18	16	10	18	10	8	5	2	2	8	8	3	14	9	8	1	0	1	0	1	3	1	0	1	0	0	4	1	3	1	1	0	1	8	1	0	5	7	4	5	4	4	3	1	3	2	2	5	4	5	4	4	0	6	3	k__Bacteria; p__Acidobacteria; c__; o__; f__; g__Terriglobus
OTU0127	4	0	4	5	0	0	1	1	1	1	8	9	2	4	6	0	0	1	16	1	117	24	107	44	51	71	134	72	105	32	149	55	67	57	193	43	59	38	87	72	27	42	15	23	56	44	67	40	64	48	15	56	4	40	18	14	18	45	18	69	k__Bacteria; p__Actinobacteria; c__; o__; f__; g__Streptomyces
OTU0128	116	270	65	30	154	426	223	161	191	257	55	74	46	20	77	61	66	198	101	137	1	0	0	0	0	0	1	0	0	0	0	0	1	1	0	0	0	0	4	0	0	1	19	5	11	6	1	4	2	5	3	2	37	22	7	16	14	0	18	2	k__Bacteria; p__Acidobacteria; c__; o__; f__; g__Bryobacter
OTU0129	0	0	0	0	0	0	0	0	0	0	1	2	0	0	0	0	0	0	1	0	41	15	44	13	11	18	55	32	30	6	71	21	15	14	61	16	19	11	20	25	8	16	2	10	8	7	14	9	11	15	1	11	1	5	6	1	5	17	2	26	k__Bacteria; p__Actinobacteria; c__; o__; f__; g__Streptomyces
OTU0130	599	585	662	457	128	619	928	585	847	430	652	709	187	276	517	142	324	341	1025	577	814	261	274	290	316	587	525	449	425	165	231	461	524	629	724	118	306	341	938	253	335	841	659	480	943	620	786	819	745	928	316	773	524	869	532	733	567	438	822	870	k__Bacteria; p__Verrucomicrobia; c__; o__; f__; g__Chthoniobacter
OTU0131	17	5	16	8	2	2	25	13	16	7	17	15	0	6	21	5	11	4	23	6	22	12	8	11	11	15	12	9	15	4	2	15	16	26	15	2	12	10	25	8	12	23	14	10	34	19	16	18	20	28	8	18	12	25	7	14	14	9	20	22	k__Bacteria; p__Firmicutes; c__; o__; f__; g__Paenibacillus
OTU0132	0	1	0	0	0	0	0	1	0	0	1	1	0	0	2	1	0	0	1	1	3	2	0	0	0	0	2	1	2	0	1	0	2	3	1	0	2	0	0	1	1	0	0	1	3	2	0	0	0	0	1	3	0	1	0	1	0	1	1	2	k__Bacteria; p__Actinobacteria; c__; o__; f__; g__Mycobacterium
OTU0133	171	97	271	161	19	93	312	153	235	92	294	317	53	97	200	31	139	76	354	188	180	73	33	50	87	152	72	71	77	27	18	121	147	205	86	21	75	128	284	34	96	245	257	155	305	173	218	232	208	295	89	195	173	309	187	246	185	88	253	195	k__Bacteria; p__Chloroflexi; c__; o__; f__; g__Ktedonobacter
OTU0134	13	7	9	5	0	5	10	6	6	2	7	8	2	4	6	1	1	2	10	7	6	0	1	1	0	2	0	1	3	2	0	1	3	6	3	0	3	2	6	1	4	4	4	5	9	7	4	4	5	8	1	4	7	8	8	4	4	1	9	5	k__Bacteria; p__Verrucomicrobia; c__; o__; f__; g__Candidatus_Udaeobacter
OTU0135	9	3	6	11	1	0	14	3	2	1	11	10	1	1	5	1	4	0	18	2	50	15	24	18	19	36	36	29	27	8	21	17	29	26	50	12	20	17	49	13	14	25	18	18	33	23	28	20	18	25	12	28	5	22	14	16	13	15	13	41	k__Bacteria; p__Actinobacteria; c__; o__; f__; g__Nocardioides
OTU0136	627	1109	511	291	343	1263	1105	804	906	795	501	579	235	139	524	313	307	655	688	694	48	16	2	16	27	25	10	17	15	8	1	40	53	73	18	1	15	51	108	4	41	77	254	97	193	109	61	123	83	151	40	93	300	235	157	249	158	18	288	56	k__Bacteria; p__Acidobacteria; c__; o__; f__; g__Bryobacter
OTU0137	236	179	273	175	37	172	369	206	307	164	262	297	67	76	243	54	135	127	391	214	236	99	53	79	111	202	138	124	118	41	27	142	152	191	196	42	96	122	284	54	103	208	236	141	342	190	246	262	197	317	77	230	191	326	227	279	188	104	239	249	k__Bacteria; p__Proteobacteria; c__; o__; f__; g__Pseudomonas
OTU0138	7	0	10	6	0	2	5	3	3	2	11	13	0	7	9	0	1	1	14	2	137	37	115	54	40	84	138	99	101	34	143	67	78	67	176	65	63	54	120	67	30	47	17	29	52	41	86	42	53	45	19	67	9	37	24	21	18	60	17	108	k__Bacteria; p__Firmicutes; c__; o__; f__; g__Paenibacillus
OTU0139	10	4	6	6	0	8	10	5	15	5	11	13	2	4	5	0	4	3	15	10	21	6	7	8	7	9	12	11	10	5	12	11	7	17	20	5	11	12	21	7	4	18	11	9	12	15	12	11	11	16	7	11	11	11	11	6	15	5	8	9	k__Bacteria; p__Bacteroidetes; c__; o__; f__; g__Mucilaginibacter
OTU0140	140	115	141	85	24	141	182	116	147	98	152	144	37	46	97	26	84	65	188	116	246	80	137	102	111	192	270	170	189	73	175	145	167	153	304	76	113	116	285	122	84	183	129	109	193	111	192	176	170	194	61	182	87	200	112	131	121	120	142	249	k__Bacteria; p__Actinobacteria; c__; o__; f__; g__Arthrobacter
OTU0141	9	3	10	12	1	4	17	10	12	0	13	17	2	6	7	1	3	1	29	8	45	20	39	14	14	35	50	43	32	12	44	26	39	30	81	31	19	22	49	24	26	37	18	20	27	18	44	25	30	31	15	38	14	25	17	17	18	25	19	61	k__Bacteria; p__Actinobacteria; c__; o__; f__; g__Streptomyces
OTU0142	7	5	8	10	0	4	12	9	10	3	5	18	3	4	3	2	6	2	20	13	71	17	68	22	17	40	78	48	67	25	92	42	46	39	94	32	32	21	69	30	15	41	15	20	48	29	45	20	39	28	17	36	5	24	22	25	17	37	19	53	k__Bacteria; p__Actinobacteria; c__; o__; f__; g__Arthrobacter
OTU0143	15	2	33	27	0	1	33	9	23	1	44	48	7	14	22	0	11	2	71	11	524	150	375	217	199	344	547	424	419	164	371	302	322	370	719	190	258	192	425	230	140	274	114	164	287	187	378	222	262	234	81	320	34	200	116	97	102	283	103	432	k__Bacteria; p__Proteobacteria; c__; o__; f__; g__Rhodoplanes
OTU0144	70	27	62	46	5	34	89	41	70	38	90	93	17	31	58	4	23	18	113	34	218	74	118	89	92	142	181	126	176	43	120	130	149	184	250	57	97	91	237	103	68	123	104	93	165	111	159	118	146	144	56	156	42	122	73	92	91	110	88	167	k__Bacteria; p__Chloroflexi; c__; o__; f__; g__Roseiflexus
OTU0145	0	0	0	0	0	0	0	0	0	0	0	3	1	0	1	0	0	0	0	0	0	0	0	0	0	1	2	1	0	2	1	0	0	1	0	0	0	1	0	0	0	2	0	0	0	0	1	0	0	0	0	0	1	2	0	0	0	0	0	3	k__Bacteria; p__Planctomycetes; c__; o__; f__; g__Planctomyces
OTU0146	207	227	189	142	65	232	344	215	281	165	201	238	72	67	170	46	120	141	320	201	218	84	95	98	96	184	188	126	165	52	83	161	171	188	251	54	115	135	283	94	105	188	184	112	234	145	226	228	191	229	78	183	121	245	137	192	129	115	190	229	k__Bacteria; p__Acidobacteria; c__; o__; f__; g__Bryobacter
OTU0147	0	0	0	0	0	0	0	0	0	0	0	0	0	0	0	0	0	0	0	0	0	0	0	0	0	0	0	0	0	0	0	0	0	0	0	0	1	0	0	0	0	0	0	0	0	0	0	0	0	0	0	0	0	0	0	0	0	0	0	0	k__Bacteria; p__Proteobacteria; c__; o__; f__; g__Pseudomonas
OTU0148	2	0	0	1	0	0	0	1	1	0	1	2	0	0	1	0	0	0	2	0	4	3	2	2	1	3	6	5	2	4	0	6	3	5	6	0	1	6	7	2	6	4	3	3	4	4	10	4	9	2	0	4	1	7	2	1	2	3	4	3	k__Bacteria; p__Chloroflexi; c__; o__; f__; g__Ktedonobacter
OTU0149	99	55	105	80	16	57	127	61	129	49	114	142	16	43	80	19	60	31	163	79	172	58	53	75	67	138	117	79	130	41	31	108	131	152	128	35	77	99	217	56	69	175	132	100	205	132	171	180	151	201	71	146	102	203	95	129	114	77	160	182	k__Bacteria; p__Verrucomicrobia; c__; o__; f__; g__Chthoniobacter
OTU0150	355	240	410	245	53	233	509	243	403	182	400	427	92	164	303	87	186	180	601	259	904	286	413	349	323	594	635	521	531	203	405	469	588	609	914	192	403	377	922	342	300	601	415	322	691	454	690	543	588	654	206	587	271	620	361	467	361	392	453	747	k__Bacteria; p__Actinobacteria; c__; o__; f__; g__Nocardioides
OTU0151	0	0	0	0	0	0	1	0	0	1	0	1	0	0	0	0	0	0	0	0	0	2	0	0	0	1	0	0	0	0	1	0	0	1	1	0	0	0	1	0	1	0	0	0	0	1	1	1	1	0	0	0	0	0	0	0	0	1	1	0	k__Bacteria; p__Bacteroidetes; c__; o__; f__; g__Flavobacterium
OTU0152	8	5	8	5	0	5	16	2	12	3	8	18	2	6	7	1	2	2	23	6	33	6	22	11	9	20	21	17	16	6	24	20	10	24	35	10	13	13	35	14	6	13	6	11	23	7	20	13	15	17	6	21	11	17	7	12	9	11	15	23	k__Bacteria; p__Actinobacteria; c__; o__; f__; g__Mycobacterium
OTU0153	1	0	3	3	0	1	3	2	2	0	8	2	0	3	1	1	1	2	3	0	41	17	43	12	8	18	43	28	35	11	68	22	29	20	75	28	17	14	28	10	8	21	4	11	21	10	26	14	15	16	3	13	1	14	5	5	5	21	9	33	k__Bacteria; p__Firmicutes; c__; o__; f__; g__Paenibacillus
OTU0154	0	0	1	0	0	0	0	0	0	0	0	1	0	1	0	0	0	0	0	0	3	1	9	4	0	4	5	5	4	1	4	1	3	0	8	2	4	2	3	3	0	7	2	3	1	2	8	4	0	3	2	5	0	0	1	1	1	2	0	1	k__Bacteria; p__Actinobacteria; c__; o__; f__; g__Streptomyces
OTU0155	0	0	0	0	0	0	0	0	0	0	0	0	0	0	0	0	0	0	0	0	0	0	0	0	0	0	2	0	1	0	0	0	0	0	0	0	0	0	0	0	0	0	0	0	0	0	0	0	0	0	0	0	0	0	0	0	0	0	0	1	k__Bacteria; p__Actinobacteria; c__; o__; f__; g__Nocardioides
OTU0156	16	19	16	11	12	30	33	22	30	19	11	18	8	6	9	4	12	15	23	13	16	8	3	2	3	10	6	8	10	0	6	5	6	14	13	1	5	9	17	4	8	22	12	9	17	7	9	20	17	16	10	11	7	18	9	17	16	1	15	10	k__Bacteria; p__Planctomycetes; c__; o__; f__; g__Planctomyces
OTU0157	9	2	8	11	0	1	9	3	9	1	7	6	1	9	7	1	3	0	9	5	18	8	10	15	12	22	18	19	12	5	8	20	14	27	20	3	15	11	26	9	9	19	14	9	16	13	22	14	24	12	3	22	4	20	8	21	8	8	17	21	k__Bacteria; p__Proteobacteria; c__; o__; f__; g__Bradyrhizobium
OTU0158	94	72	130	75	24	76	153	69	132	64	138	119	24	33	88	25	69	58	161	97	163	49	68	63	73	124	152	84	110	29	70	112	114	148	170	27	76	85	203	53	60	122	93	67	150	97	150	126	139	150	56	130	69	159	93	103	101	79	107	167	k__Bacteria; p__Chloroflexi; c__; o__; f__; g__Roseiflexus
OTU0159	12	4	11	6	1	8	19	8	13	4	13	8	2	7	12	1	5	5	17	8	25	7	18	9	14	19	38	36	28	5	21	20	19	27	36	7	13	14	41	20	12	14	7	10	27	17	25	11	19	24	11	21	11	16	11	11	14	11	11	31	k__Bacteria; p__Bacteroidetes; c__; o__; f__; g__Chitinophaga
OTU0160	6	1	4	3	0	0	5	0	2	0	11	4	0	5	4	0	1	0	6	1	71	7	21	15	17	37	21	34	29	12	10	31	41	31	56	8	26	26	46	11	14	25	16	11	30	21	51	22	25	19	14	28	3	15	12	15	18	25	14	44	k__Bacteria; p__Bacteroidetes; c__; o__; f__; g__Chitinophaga
OTU0161	348	398	291	211	136	423	472	316	463	299	341	351	95	109	297	117	173	237	460	343	349	111	163	151	134	213	252	180	190	60	162	190	236	280	315	91	163	156	423	114	127	268	273	147	330	242	286	279	237	283	107	258	220	348	217	244	202	166	274	309	k__Bacteria; p__Chloroflexi; c__; o__; f__; g__Roseiflexus
OTU0162	25	21	24	16	7	18	45	18	38	14	26	41	3	7	22	12	15	30	40	21	37	7	9	9	12	22	25	18	17	4	6	19	15	24	29	7	11	12	34	13	20	23	25	11	33	30	32	19	25	34	12	26	25	35	27	31	18	11	37	39	k__Bacteria; p__Planctomycetes; c__; o__; f__; g__Gemmata
OTU0163	880	989	940	686	295	1169	1490	940	1333	801	937	984	299	364	802	297	491	663	1418	935	1189	391	564	443	438	806	927	704	776	248	636	730	818	904	1169	273	534	552	1369	476	537	1116	1052	722	1275	932	1183	1112	1102	1245	453	1139	793	1289	774	954	825	606	1135	1264	k__Bacteria; p__Verrucomicrobia; c__; o__; f__; g__Candidatus_Udaeobacter
OTU0164	37	31	48	34	11	39	65	36	48	23	35	44	7	16	41	11	19	22	67	30	60	21	27	17	22	42	37	36	42	8	23	33	34	41	48	15	24	18	53	18	22	45	33	33	64	30	51	48	43	65	27	50	34	47	39	36	41	23	53	53	k__Bacteria; p__Chloroflexi; c__; o__; f__; g__Roseiflexus
OTU0165	9	2	6	7	1	2	12	5	8	4	13	11	2	6	11	1	1	0	19	4	94	32	79	37	26	64	116	78	86	19	81	58	65	70	163	31	44	38	95	36	27	52	16	26	49	33	72	45	44	24	18	54	4	30	27	24	16	43	13	63	k__Bacteria; p__Bacteroidetes; c__; o__; f__; g__Chitinophaga
OTU0166	9	15	8	12	1	14	17	14	14	15	13	23	5	5	13	2	10	8	27	9	39	17	22	11	10	25	32	20	27	10	21	22	21	19	53	9	17	17	33	13	12	28	10	10	21	18	31	13	23	26	3	28	8	25	14	15	8	13	14	26	k__Bacteria; p__Actinobacteria; c__; o__; f__; g__Arthrobacter
OTU0167	2	0	3	0	2	2	5	4	3	1	1	1	1	0	2	0	1	1	3	4	2	3	2	2	3	5	5	1	3	0	0	0	1	4	6	1	3	4	1	0	2	5	0	2	7	2	3	3	1	4	1	2	3	1	0	1	5	0	6	3	k__Bacteria; p__Proteobacteria; c__; o__; f__; g__Pseudomonas
OTU0168	45	41	40	28	5	54	83	47	79	38	49	47	13	14	36	14	26	19	63	41	9	7	0	8	3	7	6	2	2	1	0	9	11	12	11	2	8	13	22	3	8	14	33	13	44	19	14	26	18	38	8	26	27	48	27	32	18	13	48	19	k__Bacteria; p__Verrucomicrobia; c__; o__; f__; g__Candidatus_Udaeobacter
OTU0169	0	0	2	1	0	0	0	0	0	0	1	1	0	0	0	0	0	0	0	1	5	1	3	2	4	2	5	1	3	1	4	6	2	3	8	1	6	1	0	3	1	1	1	2	4	7	1	3	7	1	2	5	0	2	2	2	4	3	3	6	k__Bacteria; p__Chloroflexi; c__; o__; f__; g__Roseiflexus
OTU0170	4	4	2	1	1	3	4	2	5	4	4	3	0	1	2	0	1	0	4	2	4	3	3	2	0	6	2	3	3	1	4	2	3	0	4	0	2	1	4	4	0	5	1	3	4	3	0	3	2	1	0	2	0	3	0	5	1	2	1	1	k__Bacteria; p__Proteobacteria; c__; o__; f__; g__Rhodoplanes
OTU0171	33	16	32	29	1	23	38	18	25	11	45	32	3	14	24	6	16	12	50	16	74	19	40	32	29	60	70	41	50	18	50	58	55	46	91	24	35	31	88	26	28	47	31	29	65	29	58	54	49	53	18	57	18	58	26	38	33	48	36	64	k__Bacteria; p__Bacteroidetes; c__; o__; f__; g__Flavobacterium
OTU0172	178	239	160	112	101	344	291	221	284	200	158	197	53	51	172	56	92	160	262	206	127	45	47	56	42	96	88	77	81	28	47	85	95	108	129	44	64	54	161	45	63	145	156	107	193	135	155	151	119	187	52	120	128	190	116	148	117	74	161	160	k__Bacteria; p__Planctomycetes; c__; o__; f__; g__Gemmata
OTU0173	0	0	0	0	0	0	0	0	0	0	0	0	0	0	0	0	0	0	0	1	0	0	0	0	0	0	1	1	0	0	0	0	0	0	0	0	0	0	1	0	0	1	0	0	1	0	0	0	0	0	0	0	0	0	0	0	0	0	0	0	k__Bacteria; p__Actinobacteria; c__; o__; f__; g__Streptomyces
OTU0174	225	290	248	144	99	309	371	215	331	207	261	272	83	83	228	71	131	163	413	250	298	86	132	101	95	195	208	160	180	47	120	152	211	227	313	60	115	133	330	96	130	272	264	163	315	196	279	280	229	297	116	255	195	327	197	226	200	153	286	318	k__Bacteria; p__Planctomycetes; c__; o__; f__; g__Planctomyces
OTU0175	39	38	37	26	6	37	64	36	38	22	48	55	13	15	45	12	20	23	59	41	82	26	43	27	30	42	58	40	55	14	36	36	41	63	70	19	34	23	66	25	31	66	45	44	72	50	65	61	53	75	29	65	30	68	40	48	27	42	60	97	k__Bacteria; p__Verrucomicrobia; c__; o__; f__; g__Chthoniobacter
OTU0176	2	0	0	0	0	0	0	0	1	0	1	0	0	0	0	0	0	0	0	0	5	0	3	4	1	1	5	3	7	2	3	2	3	3	6	3	2	2	2	5	0	2	0	0	4	1	7	1	5	2	2	0	0	2	0	0	1	2	0	1	k__Bacteria; p__Actinobacteria; c__; o__; f__; g__Arthrobacter
OTU0177	0	0	0	0	0	0	0	0	0	0	1	1	0	0	1	0	0	0	0	0	27	3	38	11	2	18	35	27	19	7	56	9	12	11	71	19	10	5	12	16	7	9	0	3	3	3	12	8	7	3	1	10	0	3	0	1	1	7	0	19	k__Bacteria; p__Actinobacteria; c__; o__; f__; g__Arthrobacter
OTU0178	11	14	7	2	6	15	11	9	9	6	2	8	1	1	5	4	1	10	7	9	1	1	2	0	1	0	1	2	2	1	1	1	3	4	4	3	1	4	4	1	1	2	4	1	1	4	5	3	3	3	1	8	4	6	3	6	3	5	2	5	k__Bacteria; p__Acidobacteria; c__; o__; f__; g__Acidobacterium
OTU0179	233	466	205	95	216	568	360	301	394	319	171	211	79	54	158	121	101	285	276	268	40	16	7	17	22	31	23	20	17	6	5	23	30	41	31	5	11	35	74	10	29	56	82	37	84	58	65	87	42	91	34	43	104	126	79	83	54	17	116	46	k__Bacteria; p__Acidobacteria; c__; o__; f__; g__Bryobacter
OTU0180	53	24	65	49	5	19	83	30	53	13	68	80	15	29	47	12	19	13	109	45	211	72	105	83	79	148	173	110	130	61	70	141	151	161	204	37	83	92	266	75	75	181	97	115	186	122	232	157	171	171	69	156	61	187	79	119	100	113	141	219	k__Bacteria; p__Verrucomicrobia; c__; o__; f__; g__Chthoniobacter
OTU0181	1	0	0	1	0	0	0	0	0	0	0	0	0	0	0	0	0	0	0	1	5	1	8	4	3	5	4	4	4	2	12	5	6	3	11	4	3	2	4	7	2	3	0	0	1	3	5	6	3	2	2	3	2	4	1	3	2	5	2	6	k__Bacteria; p__Bacteroidetes; c__; o__; f__; g__Mucilaginibacter
OTU0182	0	0	0	0	0	0	0	0	0	0	0	0	0	0	0	0	0	0	0	0	5	0	4	0	1	5	6	4	3	3	10	2	3	5	16	1	0	0	2	4	1	0	0	2	0	0	2	1	4	0	0	2	0	0	1	0	1	2	0	3	k__Bacteria; p__Firmicutes; c__; o__; f__; g__Clostridium
OTU0183	4	13	3	4	4	11	8	3	7	7	5	3	1	2	5	2	6	2	7	7	0	2	0	0	1	2	2	0	2	1	0	2	2	1	1	1	0	2	2	1	0	3	6	2	4	1	2	5	6	6	0	3	4	1	3	2	2	1	2	6	k__Bacteria; p__Acidobacteria; c__; o__; f__; g__Bryobacter
OTU0184	751	695	784	502	182	757	1133	709	941	507	806	914	238	296	599	205	359	450	1170	675	1236	444	704	488	479	881	1042	768	881	295	827	750	816	922	1402	326	598	557	1350	543	429	870	699	490	1074	709	1014	860	915	1013	346	869	481	987	581	705	570	638	782	1117	k__Bacteria; p__Proteobacteria; c__; o__; f__; g__Sphingomonas
OTU0185	22	27	23	8	13	36	47	28	48	27	35	23	8	5	23	12	10	20	36	29	17	5	2	4	8	12	8	4	6	1	4	11	12	13	13	2	10	8	20	3	8	20	16	9	18	11	9	20	12	24	6	6	17	12	10	18	15	8	25	19	k__Bacteria; p__Verrucomicrobia; c__; o__; f__; g__Chthoniobacter
OTU0186	140	302	147	73	142	307	248	187	225	179	109	142	57	38	144	64	73	162	186	157	44	26	19	21	19	36	22	14	20	11	6	28	47	44	45	7	23	36	78	13	21	65	86	39	81	46	52	53	44	88	26	56	73	89	52	92	58	24	86	64	k__Bacteria; p__Acidobacteria; c__; o__; f__; g__Terriglobus
OTU0187	9	8	12	8	2	8	13	8	16	5	11	18	2	4	12	5	3	5	17	10	22	5	8	7	6	9	14	8	17	3	7	9	8	14	21	4	8	12	21	10	6	16	12	10	23	6	22	20	12	18	6	14	13	18	11	15	10	12	7	16	k__Bacteria; p__Bacteroidetes; c__; o__; f__; g__Flavobacterium
OTU0188	26	19	23	17	5	20	40	12	19	15	33	33	10	8	23	5	13	13	35	25	58	9	21	7	13	31	38	27	30	3	26	27	35	31	34	15	21	18	59	16	13	36	24	13	42	29	38	36	34	40	16	35	27	35	31	22	17	27	31	37	k__Bacteria; p__Actinobacteria; c__; o__; f__; g__Mycobacterium
OTU0189	0	0	0	0	0	0	0	0	0	0	0	0	0	0	0	0	0	0	0	0	0	0	0	0	0	0	0	0	0	0	0	0	0	0	0	0	0	0	0	0	0	0	0	0	0	0	0	0	0	0	0	0	0	0	0	0	0	0	0	0	k__Bacteria; p__Proteobacteria; c__; o__; f__; g__Sphingomonas
OTU0190	11	4	33	26	0	1	31	9	9	3	25	36	6	24	17	0	9	2	66	12	404	108	314	169	172	247	447	334	325	133	334	235	240	247	573	153	201	152	370	196	113	193	68	109	200	131	312	150	212	183	79	224	33	118	74	59	91	189	68	322	k__Bacteria; p__Bacteroidetes; c__; o__; f__; g__Mucilaginibacter
OTU0191	13	10	12	7	2	8	13	10	16	5	16	13	3	3	16	0	7	6	16	11	2	1	0	1	2	1	0	0	2	0	0	1	0	6	0	0	1	1	5	0	3	5	7	4	11	7	4	8	6	6	1	5	8	16	12	11	4	2	3	2	k__Bacteria; p__Planctomycetes; c__; o__; f__; g__Planctomyces
OTU0192	2	8	3	1	3	5	3	0	4	6	2	0	1	1	3	0	4	0	3	3	2	0	0	1	1	1	0	0	0	1	0	0	1	0	1	0	0	0	0	0	0	1	4	1	1	2	3	3	1	4	0	2	2	2	2	2	0	0	2	0	k__Bacteria; p__Verrucomicrobia; c__; o__; f__; g__Chthoniobacter
OTU0193	415	493	320	199	122	501	615	438	520	341	286	345	107	98	308	132	195	305	438	418	46	21	2	16	17	32	10	10	12	3	0	25	47	86	12	1	11	25	89	1	22	70	183	63	132	86	73	89	57	113	48	66	208	168	110	177	95	22	198	61	k__Bacteria; p__Acidobacteria; c__; o__; f__; g__Granulicella
OTU0194	8	2	2	2	0	2	8	0	3	3	7	5	0	3	5	0	3	0	14	1	19	6	14	8	10	16	16	12	11	7	6	13	11	21	21	4	11	14	19	7	9	13	6	13	11	15	12	11	14	9	4	14	5	16	7	5	5	14	8	24	k__Bacteria; p__Actinobacteria; c__; o__; f__; g__Streptomyces
OTU0195	3	1	1	3	1	2	0	1	5	4	8	2	1	1	0	0	1	3	6	1	3	0	0	0	3	0	5	1	1	1	1	4	0	0	5	1	1	2	2	0	2	3	1	2	2	1	1	2	1	4	1	0	2	5	0	1	2	2	6	1	k__Bacteria; p__Verrucomicrobia; c__; o__; f__; g__Chthoniobacter
OTU0196	49	260	15	13	185	396	107	110	89	172	29	22	16	3	36	47	24	153	33	78	0	0	0	0	0	0	0	0	0	0	0	0	0	1	0	0	0	0	0	0	0	1	7	0	1	2	1	3	0	1	0	1	18	5	4	1	0	0	3	0	k__Bacteria; p__Acidobacteria; c__; o__; f__; g__Acidobacterium
OTU0197	0	1	0	0	0	1	2	1	1	1	0	0	0	0	1	0	0	0	0	0	0	0	0	0	0	0	0	0	1	0	0	0	0	1	0	0	0	0	0	1	0	0	0	0	1	0	1	0	1	0	0	0	0	2	0	0	1	0	0	0	k__Bacteria; p__Acidobacteria; c__; o__; f__; g__Bryobacter
OTU0198	257	431	214	123	168	556	425	284	389	325	193	230	68	69	176	109	113	296	271	265	58	16	11	20	24	42	37	21	18	13	6	41	57	57	32	5	18	32	95	10	30	65	103	51	112	65	62	98	59	107	34	58	144	124	66	110	60	32	126	62	k__Bacteria; p__Acidobacteria; c__; o__; f__; g__Granulicella
OTU0199	49	53	45	30	19	77	76	50	62	52	36	46	12	21	33	13	25	50	63	56	13	3	3	9	8	13	6	7	10	1	1	11	13	16	9	3	5	5	18	2	13	14	25	14	27	16	19	20	16	20	6	16	24	33	17	30	15	14	36	20	k__Bacteria; p__Planctomycetes; c__; o__; f__; g__Gemmata
OTU0200	1	1	2	3	0	1	1	2	1	0	3	3	2	0	1	0	0	1	1	1	6	0	3	0	0	1	1	1	2	0	1	0	1	3	3	0	2	3	3	1	0	2	0	1	8	3	1	2	3	1	1	3	0	2	0	2	2	1	2	3	k__Bacteria; p__Verrucomicrobia; c__; o__; f__; g__Chthoniobacter
OTU0201	48	44	48	42	8	44	75	51	57	25	48	47	8	16	30	16	23	27	64	35	35	9	15	14	18	25	16	22	23	9	9	33	27	31	24	7	18	22	71	17	10	35	42	32	48	36	35	42	24	46	11	39	38	47	25	45	33	14	44	31	k__Bacteria; p__Acidobacteria; c__; o__; f__; g__Terriglobus
OTU0202	31	40	29	16	18	61	32	41	44	38	22	28	8	8	21	13	26	23	44	38	5	1	2	1	2	3	3	6	4	1	0	7	5	5	4	0	3	3	14	1	2	13	22	8	15	14	11	12	8	19	6	12	12	23	14	17	13	4	20	11	k__Bacteria; p__Verrucomicrobia; c__; o__; f__; g__Candidatus_Udaeobacter
OTU0203	90	85	79	54	27	104	120	78	122	84	94	105	23	26	82	23	37	65	115	97	62	20	20	21	29	48	59	35	39	13	28	38	62	70	69	18	41	25	85	26	34	56	57	33	77	57	67	69	70	75	31	63	59	71	55	53	57	29	62	73	k__Bacteria; p__Chloroflexi; c__; o__; f__; g__Roseiflexus
OTU0204	4	3	7	3	0	1	7	2	4	0	6	3	0	3	1	1	4	1	5	0	7	4	3	2	4	2	3	4	2	0	0	2	6	5	4	0	2	1	10	0	2	6	5	4	11	4	8	2	3	12	1	4	4	12	9	6	6	6	3	8	k__Bacteria; p__Chloroflexi; c__; o__; f__; g__Ktedonobacter
OTU0205	116	81	107	80	19	84	155	90	131	65	127	139	35	43	96	27	54	52	198	89	213	78	94	105	79	145	185	148	158	36	118	123	134	162	275	46	110	106	257	71	83	163	126	95	217	133	177	144	153	157	58	176	92	186	106	143	107	103	130	228	k__Bacteria; p__Chloroflexi; c__; o__; f__; g__Ktedonobacter
OTU0206	30	10	34	21	2	20	44	19	30	11	30	36	7	15	23	4	18	12	59	20	134	29	110	62	38	99	115	99	104	36	140	82	86	87	180	48	70	50	127	87	38	86	38	41	79	54	97	80	71	92	30	72	22	72	38	48	46	55	47	117	k__Bacteria; p__Bacteroidetes; c__; o__; f__; g__Mucilaginibacter
OTU0207	1	1	0	1	0	0	0	0	0	0	1	0	0	0	1	0	0	0	0	0	0	0	1	0	0	0	0	0	0	0	1	0	0	0	1	0	0	0	1	0	0	0	0	0	0	1	1	1	0	2	0	0	1	1	0	1	0	0	1	1	k__Bacteria; p__Firmicutes; c__; o__; f__; g__Clostridium
OTU0208	299	358	271	188	99	334	443	278	379	249	327	326	85	117	239	77	145	200	434	281	329	108	152	128	130	231	248	160	206	58	139	192	243	252	335	73	145	162	399	100	131	260	267	173	352	247	266	297	275	339	87	235	220	316	181	237	219	158	284	308	k__Bacteria; p__Chloroflexi; c__; o__; f__; g__Roseiflexus
OTU0209	23	17	20	11	8	36	33	17	24	8	25	25	11	10	25	4	10	13	31	18	39	17	17	10	18	24	36	15	25	6	21	18	20	28	35	10	19	21	36	18	10	21	14	15	30	17	24	20	20	22	11	25	17	32	12	17	12	16	17	31	k__Bacteria; p__Proteobacteria; c__; o__; f__; g__Sphingomonas
OTU0210	0	0	6	2	0	0	2	0	3	1	3	7	0	3	7	0	2	0	1	4	12	2	3	4	1	6	2	10	4	1	2	5	4	2	8	3	10	5	11	2	1	2	3	3	4	4	9	8	7	9	2	2	2	4	5	3	4	7	1	10	k__Bacteria; p__Chloroflexi; c__; o__; f__; g__Ktedonobacter
OTU0211	6	9	5	5	1	6	15	7	12	5	8	5	1	1	9	2	2	2	6	7	9	2	5	2	2	5	9	5	7	3	9	8	4	7	10	1	5	5	17	7	5	10	10	5	10	6	6	5	5	7	6	10	4	10	5	7	3	3	6	13	k__Bacteria; p__Proteobacteria; c__; o__; f__; g__Sphingomonas
OTU0212	79	102	48	50	36	132	123	90	88	84	61	64	18	20	67	35	35	58	81	60	49	12	13	10	13	28	18	17	19	4	10	12	25	39	32	8	10	20	43	9	14	38	30	20	60	31	39	52	26	48	16	33	32	43	26	44	28	23	45	39	k__Bacteria; p__Chloroflexi; c__; o__; f__; g__Roseiflexus
OTU0213	15	8	18	13	1	10	23	11	17	12	18	22	2	5	14	0	8	4	32	19	41	11	23	18	19	22	21	27	37	15	23	29	28	35	40	13	18	24	44	25	13	34	19	22	43	21	33	26	39	30	7	22	15	44	13	23	20	21	10	35	k__Bacteria; p__Firmicutes; c__; o__; f__; g__Clostridium
OTU0214	7	9	9	8	3	10	13	8	11	8	18	14	3	5	9	0	8	2	15	8	24	9	15	8	13	18	30	11	21	12	20	15	15	22	35	4	11	14	27	5	9	16	13	8	23	16	13	20	21	28	7	12	6	22	9	11	10	11	9	21	k__Bacteria; p__Proteobacteria; c__; o__; f__; g__Bradyrhizobium
OTU0215	18	11	21	7	1	6	15	12	22	9	21	22	4	4	10	2	6	9	32	14	73	20	33	28	25	33	56	47	41	15	38	55	44	47	93	15	25	19	65	31	27	51	21	24	41	41	40	26	47	36	10	43	12	41	22	25	28	30	38	64	k__Bacteria; p__Firmicutes; c__; o__; f__; g__Clostridium
OTU0216	19	11	24	17	1	9	30	17	14	9	23	19	5	11	19	4	9	9	33	13	60	13	26	29	19	39	59	35	32	13	37	43	38	47	88	15	25	29	79	21	19	48	33	26	67	34	51	43	47	51	17	52	15	48	18	23	32	38	29	57	k__Bacteria; p__Bacteroidetes; c__; o__; f__; g__Flavobacterium
OTU0217	22	11	31	13	0	14	22	18	23	12	15	32	4	8	20	3	9	4	35	17	27	10	6	11	9	26	8	18	13	1	3	17	19	26	19	1	12	11	31	8	6	29	29	14	45	22	24	24	18	43	6	21	18	35	15	21	18	10	26	28	k__Bacteria; p__Chloroflexi; c__; o__; f__; g__Ktedonobacter
OTU0218	39	42	66	41	12	52	69	30	67	46	65	55	12	22	52	16	31	23	88	48	139	35	90	57	35	124	142	93	91	40	105	86	100	85	181	50	74	57	135	63	37	93	65	37	99	73	124	84	89	113	36	101	44	73	42	59	50	73	65	114	k__Bacteria; p__Bacteroidetes; c__; o__; f__; g__Mucilaginibacter
OTU0219	0	0	0	0	0	0	0	0	1	0	0	0	1	0	0	0	0	0	1	0	1	1	0	0	0	1	0	1	0	0	0	0	0	0	0	0	0	0	0	0	0	0	0	0	0	0	2	0	0	0	0	0	0	0	0	2	0	0	0	0	k__Bacteria; p__Chloroflexi; c__; o__; f__; g__Roseiflexus
OTU0220	0	0	0	0	0	0	0	0	0	0	0	0	0	0	0	0	0	0	0	0	4	1	26	2	0	3	10	8	6	7	81	3	3	2	15	11	1	1	3	6	0	0	0	0	0	0	1	0	0	0	0	3	0	0	0	0	0	1	0	2	k__Bacteria; p__Actinobacteria; c__; o__; f__; g__Mycobacterium
OTU0221	170	172	192	127	46	189	277	168	242	123	190	232	47	74	190	53	113	98	296	170	351	102	188	137	141	227	311	211	240	74	257	214	234	247	465	96	165	125	391	163	110	247	188	138	307	200	263	217	224	285	90	266	140	296	155	172	159	184	196	296	k__Bacteria; p__Bacteroidetes; c__; o__; f__; g__Mucilaginibacter
OTU0222	0	0	0	0	0	0	0	0	0	0	0	0	0	0	0	0	0	0	1	0	7	3	26	4	1	2	26	10	14	4	60	4	4	2	26	12	4	1	8	8	2	1	0	0	0	4	4	4	5	0	0	0	0	0	0	0	0	3	0	7	k__Bacteria; p__Actinobacteria; c__; o__; f__; g__Arthrobacter
OTU0223	2	0	1	1	0	2	0	1	1	3	0	3	0	1	0	1	3	1	0	0	0	1	0	0	0	0	0	0	0	0	0	0	0	1	0	0	0	0	0	0	0	1	0	1	1	0	0	0	1	1	0	1	1	1	0	0	0	1	0	1	k__Bacteria; p__Planctomycetes; c__; o__; f__; g__Gemmata
OTU0224	37	8	45	36	3	7	66	24	29	14	65	64	9	20	36	3	24	2	84	25	383	105	277	143	163	211	381	278	299	90	279	202	224	229	541	139	197	146	328	195	102	207	93	114	199	146	254	168	181	190	61	239	41	166	77	93	100	176	94	291	k__Bacteria; p__Actinobacteria; c__; o__; f__; g__Streptomyces
OTU0225	204	177	246	177	39	165	291	162	239	124	269	278	59	89	208	53	116	120	385	215	689	214	453	249	272	487	677	489	546	160	708	374	458	481	906	273	325	333	694	331	195	431	305	232	483	336	477	352	415	475	158	432	158	413	221	281	227	326	282	595	k__Bacteria; p__Bacteroidetes; c__; o__; f__; g__Mucilaginibacter
OTU0226	261	199	327	228	51	221	416	240	344	182	351	344	84	119	236	57	165	145	440	231	511	151	248	201	188	350	395	287	318	109	220	312	332	396	545	96	234	232	556	174	182	393	304	194	532	316	429	353	351	454	174	350	232	391	252	320	253	224	315	471	k__Bacteria; p__Chloroflexi; c__; o__; f__; g__Roseiflexus
OTU0227	39	70	27	15	21	83	57	39	57	33	31	21	13	4	27	18	14	52	41	39	7	1	3	4	3	2	0	2	3	2	0	4	6	5	2	0	1	3	8	1	5	10	12	2	14	10	3	11	4	16	6	5	20	18	9	12	8	3	12	4	k__Bacteria; p__Verrucomicrobia; c__; o__; f__; g__Candidatus_Udaeobacter
OTU0228	2	0	4	11	0	0	3	2	2	0	5	12	1	3	3	0	0	0	10	2	209	36	147	91	68	140	227	140	184	62	177	96	137	98	313	66	113	50	165	104	43	81	21	43	69	57	124	61	92	85	32	94	4	44	22	21	35	100	28	146	k__Bacteria; p__Proteobacteria; c__; o__; f__; g__Rhodoplanes
OTU0229	1	0	0	1	0	0	0	0	0	0	0	0	0	0	0	0	0	0	0	0	7	5	4	1	1	4	5	4	4	1	4	0	1	3	8	2	1	0	0	4	0	2	1	0	3	2	3	0	2	0	2	0	0	0	1	1	1	4	0	2	k__Bacteria; p__Proteobacteria; c__; o__; f__; g__Pseudomonas
OTU0230	63	22	75	61	2	30	65	32	75	17	91	94	18	29	65	12	41	18	138	59	525	142	439	198	196	331	560	354	442	140	653	275	291	317	783	203	265	206	438	297	144	262	143	130	260	205	347	234	269	223	95	273	59	200	122	106	104	276	119	392	k__Bacteria; p__Actinobacteria; c__; o__; f__; g__Mycobacterium
OTU0231	0	3	0	0	1	2	3	2	3	1	1	0	0	0	0	1	1	3	1	0	0	0	0	0	0	0	0	0	0	0	0	0	0	0	1	0	0	0	0	0	0	0	0	0	0	0	0	0	1	0	0	0	0	0	1	0	0	0	1	0	k__Bacteria; p__Acidobacteria; c__; o__; f__; g__Acidobacterium
OTU0232	56	44	64	39	8	27	73	34	59	27	53	74	10	21	45	15	37	23	93	45	123	60	83	47	38	103	99	80	82	35	91	83	68	111	153	31	67	51	116	57	41	89	74	57	110	65	117	99	86	90	23	87	38	97	58	76	68	50	71	121	k__Bacteria; p__Proteobacteria; c__; o__; f__; g__Sphingomonas
OTU0233	85	60	102	89	6	56	127	72	118	52	126	109	28	45	94	14	59	43	189	68	534	141	473	221	189	302	546	394	413	148	665	272	283	339	757	190	247	199	494	276	150	265	150	126	292	222	344	230	244	285	101	292	69	226	123	163	142	263	145	394	k__Bacteria; p__Bacteroidetes; c__; o__; f__; g__Mucilaginibacter
OTU0234	496	445	591	347	95	480	794	488	694	351	597	618	163	211	460	140	299	281	865	519	691	237	232	261	262	432	479	324	359	120	169	391	456	554	608	125	288	353	825	225	248	601	557	333	731	448	553	560	513	678	205	590	403	720	417	542	404	290	581	656	k__Bacteria; p__Acidobacteria; c__; o__; f__; g__Acidobacterium
OTU0235	1	0	2	1	0	0	0	0	1	0	5	1	0	1	2	0	1	0	1	0	32	6	25	7	10	18	20	18	21	6	17	15	17	16	29	8	9	7	20	10	4	15	5	5	11	8	13	9	9	9	5	16	3	9	3	6	7	14	3	22	k__Bacteria; p__Actinobacteria; c__; o__; f__; g__Mycobacterium
OTU0236	19	4	26	15	0	4	34	18	17	4	38	23	3	9	17	1	13	3	41	9	161	54	111	85	79	101	159	131	125	43	107	107	120	109	245	50	76	68	163	93	55	113	40	66	102	68	125	74	109	112	35	111	24	88	58	47	49	87	52	130	k__Bacteria; p__Proteobacteria; c__; o__; f__; g__Massilia
OTU0237	8	0	10	10	0	2	9	6	10	2	27	13	0	4	12	0	7	3	20	5	83	17	40	26	25	46	68	39	54	16	24	52	50	53	90	14	48	29	90	27	18	64	26	24	57	43	59	50	47	46	19	50	8	50	26	22	24	40	16	60	k__Bacteria; p__Firmicutes; c__; o__; f__; g__Clostridium
OTU0238	68	117	49	35	44	127	104	76	97	85	65	61	26	15	62	31	38	53	89	81	41	11	9	14	16	11	27	15	10	9	11	14	21	27	20	6	13	13	52	11	8	26	44	20	33	27	33	28	18	43	16	22	33	49	22	40	25	12	39	32	k__Bacteria; p__Acidobacteria; c__; o__; f__; g__Terriglobus
OTU0239	9	8	14	4	2	10	11	8	8	10	12	13	3	2	8	1	8	4	17	10	17	3	8	9	1	8	14	8	5	3	7	13	11	13	23	4	10	8	17	8	1	10	6	3	15	11	12	15	11	14	7	4	10	17	9	7	6	8	11	10	k__Bacteria; p__Chloroflexi; c__; o__; f__; g__Ktedonobacter
OTU0240	10	2	19	16	0	3	12	0	8	3	14	16	1	8	7	1	8	1	18	4	208	45	244	79	39	151	240	183	164	71	400	100	103	94	366	110	109	54	143	144	41	81	20	35	60	50	101	70	79	65	23	96	12	43	32	29	35	96	28	151	k__Bacteria; p__Bacteroidetes; c__; o__; f__; g__Flavobacterium
OTU0241	46	36	68	39	3	24	64	27	53	22	69	70	6	14	37	7	26	13	89	40	211	58	144	70	79	137	195	146	151	52	217	113	143	157	313	84	105	89	209	116	65	124	85	75	147	103	143	121	139	124	57	125	37	118	58	92	62	104	74	181	k__Bacteria; p__Firmicutes; c__; o__; f__; g__Bacillus
OTU0242	7	2	12	6	0	7	19	6	10	7	11	16	0	2	3	2	11	5	16	7	40	8	22	15	11	16	34	19	21	4	25	13	29	23	47	13	18	14	39	13	14	24	20	16	29	21	32	31	28	24	9	28	16	14	11	16	15	16	22	25	k__Bacteria; p__Verrucomicrobia; c__; o__; f__; g__Candidatus_Udaeobacter
OTU0243	56	59	45	31	12	73	91	45	68	54	52	47	19	21	38	23	34	43	66	61	21	9	6	9	10	15	14	8	9	2	2	11	25	11	11	0	8	17	26	4	5	30	38	22	37	39	24	33	20	32	11	19	40	35	28	33	31	16	48	22	k__Bacteria; p__Planctomycetes; c__; o__; f__; g__Gemmata
OTU0244	3	1	5	1	0	4	7	4	3	3	4	9	1	8	5	1	3	0	4	4	17	3	10	2	3	10	17	8	11	2	5	2	12	8	23	2	5	13	8	11	3	7	5	3	13	2	9	9	12	12	5	8	4	3	8	7	4	4	2	12	k__Bacteria; p__Actinobacteria; c__; o__; f__; g__Nocardioides
OTU0245	20	5	20	12	3	8	27	14	23	8	24	22	2	9	19	1	5	6	28	9	170	39	104	66	48	87	149	97	118	53	170	66	70	86	211	72	67	46	125	74	30	82	30	35	79	40	98	59	96	49	30	68	24	53	32	41	25	68	29	94	k__Bacteria; p__Actinobacteria; c__; o__; f__; g__Arthrobacter
OTU0246	1	0	0	1	0	0	1	0	0	4	1	2	0	0	0	0	0	0	1	1	7	3	8	2	5	4	2	3	4	4	2	0	1	4	7	3	3	2	5	1	0	3	1	0	2	1	4	3	2	2	0	4	1	2	2	2	0	0	2	11	k__Bacteria; p__Firmicutes; c__; o__; f__; g__Bacillus
OTU0247	157	183	192	108	62	230	253	162	237	148	173	172	53	67	143	52	97	108	250	163	227	76	96	82	53	136	168	113	127	38	139	114	144	179	216	43	72	95	268	82	77	184	175	109	240	149	194	192	202	221	100	186	132	207	128	161	131	146	169	248	k__Bacteria; p__Verrucomicrobia; c__; o__; f__; g__Chthoniobacter
OTU0248	2	0	3	3	1	4	6	2	7	4	5	3	0	1	7	1	2	1	8	2	5	2	2	2	1	5	7	3	2	1	0	3	3	1	10	0	3	4	8	3	2	9	4	4	11	4	4	10	4	8	1	5	4	4	4	7	3	5	7	6	k__Bacteria; p__Planctomycetes; c__; o__; f__; g__Planctomyces
OTU0249	80	65	91	59	18	71	137	54	102	41	92	98	25	34	79	17	35	39	133	61	183	58	94	76	86	123	144	100	101	35	70	103	129	150	199	31	82	82	205	62	55	125	97	70	155	99	167	123	115	140	51	125	71	160	71	97	81	96	90	175	k__Bacteria; p__Proteobacteria; c__; o__; f__; g__Rhodoplanes
OTU0250	226	249	256	170	76	322	409	230	283	193	225	226	68	82	187	73	134	142	325	239	222	96	138	95	97	175	174	143	179	48	130	155	190	221	247	58	128	128	311	117	114	270	235	177	316	216	262	249	221	300	108	245	183	286	187	240	168	160	241	311	k__Bacteria; p__Verrucomicrobia; c__; o__; f__; g__Chthoniobacter
OTU0251	8	8	9	4	1	7	10	7	7	7	7	10	2	2	2	5	5	7	10	5	8	5	2	5	2	4	4	3	1	0	0	2	1	6	2	1	2	1	6	0	0	6	3	2	4	5	4	3	6	4	2	6	8	11	8	9	5	6	6	6	k__Bacteria; p__Verrucomicrobia; c__; o__; f__; g__Candidatus_Udaeobacter
OTU0252	4	2	5	2	0	6	3	3	4	3	4	3	1	1	2	0	1	1	3	6	5	1	5	2	3	0	4	6	0	0	3	4	1	3	6	1	4	5	5	3	2	7	4	1	7	1	5	2	2	1	2	8	2	5	0	4	3	4	1	6	k__Bacteria; p__Actinobacteria; c__; o__; f__; g__Streptomyces
OTU0253	106	56	137	96	10	68	191	106	157	78	142	146	37	50	121	19	73	45	205	98	194	59	54	85	85	142	117	69	100	29	33	95	166	157	154	21	75	95	226	52	63	148	134	130	226	135	162	191	175	212	68	163	104	219	124	153	119	92	177	173	k__Bacteria; p__Firmicutes; c__; o__; f__; g__Bacillus
OTU0254	196	148	186	146	36	153	271	156	213	119	200	225	49	76	168	36	94	82	294	177	485	169	297	192	192	351	436	292	359	112	362	246	338	308	589	178	236	207	468	233	146	360	210	177	346	244	354	291	330	326	111	299	162	262	196	218	150	232	206	436	k__Bacteria; p__Actinobacteria; c__; o__; f__; g__Streptomyces
OTU0255	0	0	0	0	0	0	0	0	0	0	0	0	0	0	0	0	0	0	0	0	0	0	0	0	0	0	0	0	0	0	0	0	0	0	0	0	0	0	0	0	0	0	0	0	0	0	0	0	0	0	0	0	0	0	0	0	0	0	0	0	k__Bacteria; p__Bacteroidetes; c__; o__; f__; g__Mucilaginibacter
OTU0256	61	42	53	37	14	47	85	79	72	38	69	85	13	18	45	11	28	36	87	57	86	30	42	30	30	60	60	60	65	10	29	42	57	73	69	23	37	41	110	30	31	83	68	42	90	72	93	79	66	86	40	78	48	90	58	63	58	46	79	95	k__Bacteria; p__Verrucomicrobia; c__; o__; f__; g__Chthoniobacter
OTU0257	342	400	350	197	162	499	545	339	421	325	313	376	105	127	305	110	180	249	433	299	295	106	118	98	97	174	199	160	135	62	98	161	208	241	253	54	116	137	305	91	99	248	285	143	285	225	244	258	224	322	88	222	225	326	180	256	186	145	300	269	k__Bacteria; p__Chloroflexi; c__; o__; f__; g__Ktedonobacter
OTU0258	20	10	43	24	3	8	46	20	30	11	33	31	5	13	15	5	8	4	66	28	110	42	66	47	48	78	119	59	83	29	47	71	72	81	129	21	57	41	136	40	37	100	41	45	82	57	96	78	78	88	29	81	21	64	47	49	49	41	39	105	k__Bacteria; p__Proteobacteria; c__; o__; f__; g__Rhodoplanes
OTU0259	9	7	10	8	5	7	11	7	11	5	10	16	0	0	7	3	2	3	11	16	4	1	2	0	1	0	2	2	3	0	1	4	3	1	2	0	1	2	7	0	2	8	10	2	7	9	7	6	4	4	1	6	4	10	3	5	6	2	11	7	k__Bacteria; p__Verrucomicrobia; c__; o__; f__; g__Chthoniobacter
OTU0260	80	32	97	73	7	33	128	47	86	34	111	109	22	30	77	15	39	24	165	61	354	92	220	145	131	247	271	228	241	89	195	187	234	235	371	96	153	145	333	161	98	208	140	120	254	169	252	192	210	235	87	224	63	201	126	157	105	166	136	306	k__Bacteria; p__Firmicutes; c__; o__; f__; g__Bacillus
OTU0261	2	3	7	2	1	4	6	2	7	6	4	4	0	2	4	1	3	3	8	2	21	2	14	7	9	10	18	10	16	6	17	5	11	15	26	1	8	9	14	8	4	14	9	4	12	10	15	10	6	11	6	7	3	9	6	8	6	12	7	15	k__Bacteria; p__Firmicutes; c__; o__; f__; g__Bacillus
OTU0262	20	25	18	10	9	20	31	10	16	23	18	12	7	3	8	6	15	16	25	18	18	3	2	5	2	7	4	5	4	3	4	4	9	5	8	1	3	7	11	9	5	14	14	7	12	15	13	8	7	15	10	11	15	12	4	18	10	4	17	7	k__Bacteria; p__Planctomycetes; c__; o__; f__; g__Planctomyces
OTU0263	28	6	33	19	1	6	37	14	29	6	31	32	6	16	18	4	10	7	48	28	203	65	189	69	78	128	188	143	157	54	218	104	102	113	293	91	105	96	152	107	65	99	45	53	115	72	155	94	104	113	44	98	31	86	48	57	38	114	57	144	k__Bacteria; p__Actinobacteria; c__; o__; f__; g__Mycobacterium
OTU0264	0	0	0	0	0	0	0	0	0	0	0	0	0	0	0	0	0	0	0	0	0	0	0	0	0	0	0	0	0	0	0	0	0	0	0	0	0	0	0	0	0	0	0	0	0	0	0	1	0	0	0	0	0	0	0	0	0	0	0	0	k__Bacteria; p__Bacteroidetes; c__; o__; f__; g__Chitinophaga
OTU0265	0	0	1	0	0	0	0	0	0	0	0	0	0	0	0	0	0	0	0	0	2	2	6	0	0	1	2	2	2	0	0	0	0	1	3	1	0	0	1	0	0	0	0	2	1	1	1	0	0	1	0	1	0	0	1	0	0	3	1	0	k__Bacteria; p__Actinobacteria; c__; o__; f__; g__Mycobacterium
OTU0266	2	3	6	3	0	2	1	6	5	3	4	5	1	1	7	0	3	0	8	3	7	1	4	3	4	6	5	3	9	1	0	11	9	11	6	0	6	7	16	5	1	10	4	5	8	4	9	6	7	12	4	8	8	6	4	3	5	6	8	14	k__Bacteria; p__Actinobacteria; c__; o__; f__; g__Nocardioides
OTU0267	168	217	151	85	91	284	291	184	218	179	130	144	60	49	134	63	101	118	225	185	61	35	18	37	29	50	45	29	40	12	14	46	48	62	61	9	29	34	121	23	53	115	107	72	118	86	94	82	89	134	34	86	116	142	87	102	75	41	134	107	k__Bacteria; p__Verrucomicrobia; c__; o__; f__; g__Chthoniobacter
OTU0268	11	14	10	3	2	14	17	8	17	7	8	15	2	5	9	0	2	8	13	14	16	2	13	17	8	15	16	21	14	3	9	12	12	8	19	9	7	6	20	8	7	9	16	11	16	9	11	17	15	17	3	10	6	14	7	12	7	10	11	25	k__Bacteria; p__Proteobacteria; c__; o__; f__; g__Sphingomonas
OTU0269	11	7	11	7	3	20	19	13	14	8	12	10	1	8	7	3	8	10	10	9	6	2	0	4	6	9	5	1	5	1	0	1	7	9	8	4	4	6	11	1	3	5	5	4	12	13	4	10	3	6	1	12	6	7	6	10	5	4	8	8	k__Bacteria; p__Acidobacteria; c__; o__; f__; g__Bryobacter
OTU0270	380	405	406	300	159	516	640	376	514	340	398	420	126	164	360	110	215	249	608	404	485	141	249	185	177	360	390	264	355	105	260	283	341	433	503	115	215	212	606	179	237	508	396	270	578	365	492	447	466	544	194	443	318	558	369	417	337	275	453	536	k__Bacteria; p__Verrucomicrobia; c__; o__; f__; g__Chthoniobacter
OTU0271	0	0	2	0	0	0	3	0	0	0	0	0	0	0	0	0	0	0	1	0	5	1	3	3	3	2	10	2	2	2	1	1	7	8	2	1	1	1	6	0	0	5	1	3	2	2	1	3	0	0	1	4	0	7	2	2	1	3	1	3	k__Bacteria; p__Firmicutes; c__; o__; f__; g__Bacillus
OTU0272	1	0	2	0	0	0	1	0	0	0	1	0	0	2	0	0	0	0	1	0	2	0	2	0	0	4	7	9	3	1	6	4	2	3	13	1	5	2	3	3	1	1	1	2	1	3	1	1	2	0	0	2	1	0	1	1	1	1	1	6	k__Bacteria; p__Bacteroidetes; c__; o__; f__; g__Chitinophaga
OTU0273	217	240	259	162	65	275	377	252	349	183	227	218	71	90	207	70	131	164	347	207	359	94	194	129	118	264	277	193	259	86	227	211	214	268	377	91	151	158	388	131	159	310	265	180	365	284	333	322	320	338	119	314	201	319	195	280	221	200	281	368	k__Bacteria; p__Verrucomicrobia; c__; o__; f__; g__Candidatus_Udaeobacter
OTU0274	35	39	27	12	13	70	49	27	40	39	23	31	7	9	17	6	16	25	36	34	21	8	4	12	8	13	7	5	12	2	10	7	9	7	16	2	9	6	12	6	7	10	13	9	21	17	14	15	12	15	8	20	17	19	13	21	10	9	14	19	k__Bacteria; p__Acidobacteria; c__; o__; f__; g__Acidobacterium
OTU0275	275	258	340	218	58	228	455	275	402	182	322	372	72	104	250	71	155	152	506	264	743	238	454	301	265	480	667	471	496	159	576	454	457	513	961	206	357	316	743	303	249	494	347	247	582	391	540	470	466	514	165	534	240	482	264	353	286	328	357	626	k__Bacteria; p__Bacteroidetes; c__; o__; f__; g__Mucilaginibacter
OTU0276	151	136	150	103	24	131	223	143	197	115	161	155	51	61	124	40	80	84	230	139	179	60	80	73	73	137	130	99	94	34	64	127	154	156	191	44	88	86	217	58	80	146	139	94	161	127	164	149	159	171	47	167	95	200	126	161	109	73	157	160	k__Bacteria; p__Chloroflexi; c__; o__; f__; g__Ktedonobacter
OTU0277	4	0	7	5	0	2	8	5	6	5	10	9	0	1	6	1	3	0	13	3	19	6	6	4	4	13	5	7	9	3	1	10	11	12	12	2	5	3	27	2	0	13	9	11	11	9	10	15	13	14	5	16	9	6	10	5	8	5	12	14	k__Bacteria; p__Proteobacteria; c__; o__; f__; g__Massilia
OTU0278	9	1	4	9	0	1	8	6	14	3	19	12	3	8	6	0	8	1	21	6	145	38	176	60	53	97	191	113	134	55	260	92	82	79	258	83	65	52	113	92	44	70	28	36	66	35	105	55	53	62	30	73	9	50	20	18	24	88	24	96	k__Bacteria; p__Firmicutes; c__; o__; f__; g__Paenibacillus
OTU0279	223	198	204	135	77	257	366	195	285	183	211	240	59	73	194	64	88	163	330	227	225	74	68	84	78	177	141	139	148	37	75	127	158	190	197	51	87	99	283	78	103	231	215	156	301	185	223	237	196	231	101	202	175	268	169	182	152	118	229	242	k__Bacteria; p__Planctomycetes; c__; o__; f__; g__Planctomyces
OTU0280	21	7	27	19	3	8	33	24	21	4	32	38	6	12	20	2	15	5	51	20	109	42	81	58	37	70	113	80	83	36	80	62	79	79	147	24	49	40	142	47	43	106	58	43	96	76	110	78	97	105	37	87	28	74	43	41	51	76	51	115	k__Bacteria; p__Planctomycetes; c__; o__; f__; g__Gemmata
OTU0281	345	638	249	171	256	835	600	418	528	456	259	311	115	92	276	180	166	397	346	397	38	17	5	15	19	41	22	16	14	4	1	33	39	45	22	0	14	39	62	3	23	52	131	43	104	70	47	74	53	116	24	52	149	155	86	131	98	24	153	51	k__Bacteria; p__Acidobacteria; c__; o__; f__; g__Bryobacter
OTU0282	225	222	250	185	62	250	380	233	318	179	239	300	71	99	229	67	116	139	366	224	457	143	284	179	190	318	403	318	358	114	354	238	299	340	627	141	210	216	507	225	147	326	232	183	378	240	364	301	299	350	128	331	159	340	194	258	180	236	246	370	k__Bacteria; p__Bacteroidetes; c__; o__; f__; g__Mucilaginibacter
OTU0283	114	136	119	93	33	158	179	131	183	104	124	136	22	41	111	47	71	106	173	125	103	43	25	41	40	85	71	60	63	22	25	73	67	80	89	19	47	55	146	31	50	102	105	59	141	89	96	115	86	137	31	96	73	126	89	109	96	46	109	106	k__Bacteria; p__Proteobacteria; c__; o__; f__; g__Massilia
OTU0284	103	145	106	62	44	156	152	121	131	106	85	91	33	28	76	36	48	85	109	101	51	18	16	21	28	31	34	31	33	9	21	38	37	50	54	8	25	29	82	16	24	48	59	39	82	37	52	69	35	67	24	67	57	73	50	58	36	25	69	76	k__Bacteria; p__Chloroflexi; c__; o__; f__; g__Ktedonobacter
OTU0285	0	0	2	1	0	0	0	0	0	0	0	1	0	0	0	0	0	0	1	0	0	0	0	1	0	0	1	0	0	0	0	0	0	0	1	0	0	0	0	1	0	0	0	0	1	2	0	0	0	1	0	0	0	0	0	0	1	0	0	0	k__Bacteria; p__Verrucomicrobia; c__; o__; f__; g__Chthoniobacter
OTU0286	11	25	26	11	7	22	34	17	28	19	23	18	5	5	8	8	10	14	40	20	9	4	5	11	6	14	7	7	5	1	7	6	12	14	14	4	5	8	17	7	6	10	14	10	18	11	14	13	12	19	5	13	12	20	15	21	10	5	22	9	k__Bacteria; p__Verrucomicrobia; c__; o__; f__; g__Candidatus_Udaeobacter
OTU0287	21	3	31	15	0	6	21	7	13	4	22	16	3	11	14	0	7	5	28	15	89	34	30	31	34	59	69	48	53	13	35	58	54	69	89	19	34	40	104	44	18	67	44	35	63	49	76	62	53	63	24	71	21	66	33	37	34	49	34	95	k__Bacteria; p__Proteobacteria; c__; o__; f__; g__Massilia
OTU0288	660	1336	501	297	410	1591	1135	939	1151	1011	414	558	269	130	529	388	357	828	672	850	12	5	0	1	6	10	0	1	2	0	0	7	11	11	3	0	5	15	30	1	11	28	162	44	87	49	22	62	27	80	20	37	354	132	104	191	96	5	283	27	k__Bacteria; p__Planctomycetes; c__; o__; f__; g__Planctomyces
OTU0289	29	68	22	10	39	103	51	36	39	49	7	23	8	4	13	24	14	47	23	39	0	0	0	0	0	2	1	0	2	0	0	4	2	1	1	1	0	1	7	2	1	3	9	1	6	4	1	2	3	4	0	2	9	7	4	4	5	0	10	0	k__Bacteria; p__Acidobacteria; c__; o__; f__; g__Terriglobus
OTU0290	289	433	264	169	149	460	400	266	396	275	241	305	85	91	244	78	160	228	369	290	227	68	94	65	92	140	131	119	129	37	65	137	140	158	215	43	87	103	276	72	87	179	214	102	237	149	204	216	150	226	82	194	152	255	144	186	125	87	241	199	k__Bacteria; p__Acidobacteria; c__; o__; f__; g__Terriglobus
OTU0291	439	519	426	297	180	600	679	420	589	404	463	467	133	134	353	134	248	322	634	458	507	175	239	193	203	363	391	304	317	101	240	300	347	402	535	128	241	205	575	195	180	397	371	227	478	311	431	396	357	468	147	411	268	498	326	357	266	245	408	451	k__Bacteria; p__Chloroflexi; c__; o__; f__; g__Roseiflexus
OTU0292	5	1	2	3	1	1	2	0	1	0	0	1	2	0	3	1	3	0	3	2	1	1	1	1	0	1	2	1	2	0	0	0	3	1	2	0	2	1	3	0	1	2	1	0	3	0	4	3	2	3	2	0	0	1	1	0	2	3	3	1	k__Bacteria; p__Planctomycetes; c__; o__; f__; g__Planctomyces
OTU0293	0	0	0	0	0	0	0	0	0	0	0	0	0	0	0	0	0	0	1	1	3	1	4	5	1	2	8	1	0	0	2	1	5	1	3	0	5	3	5	2	5	7	1	2	3	1	1	4	4	2	1	1	0	5	1	0	3	3	0	7	k__Bacteria; p__Verrucomicrobia; c__; o__; f__; g__Chthoniobacter
OTU0294	125	67	137	83	10	77	151	70	142	63	120	152	32	45	98	20	69	42	191	119	431	126	292	168	160	290	377	272	352	116	378	254	259	328	561	145	205	153	428	214	132	263	157	140	312	207	326	232	279	247	93	264	96	262	129	166	128	170	163	405	k__Bacteria; p__Firmicutes; c__; o__; f__; g__Paenibacillus
OTU0295	44	44	33	24	14	51	59	38	40	38	31	30	17	9	34	18	11	29	46	32	16	2	7	4	2	10	5	4	5	2	2	5	4	18	15	1	8	3	26	3	8	21	32	12	31	24	15	17	20	14	12	22	21	34	7	28	21	7	35	14	k__Bacteria; p__Verrucomicrobia; c__; o__; f__; g__Candidatus_Udaeobacter
OTU0296	3	11	3	1	4	5	8	8	11	10	3	5	2	2	3	4	1	3	1	4	0	0	0	0	0	0	0	0	0	0	0	1	0	0	0	0	0	0	0	0	0	1	5	0	1	1	0	2	0	2	0	0	4	1	0	1	0	0	2	0	k__Bacteria; p__Acidobacteria; c__; o__; f__; g__Acidobacterium
OTU0297	382	489	316	207	206	672	617	404	542	406	275	330	112	79	304	153	172	357	446	401	161	67	32	67	68	107	81	85	83	26	23	81	102	149	111	8	47	87	205	46	82	182	253	127	240	159	170	174	168	256	80	183	255	251	183	244	160	92	291	216	k__Bacteria; p__Planctomycetes; c__; o__; f__; g__Gemmata
OTU0298	114	79	135	81	12	68	178	84	129	68	118	161	25	36	89	23	63	61	190	120	95	35	18	39	51	65	54	37	49	12	5	63	67	78	74	13	43	65	142	27	35	97	122	69	153	96	102	91	86	139	40	93	78	168	79	105	102	40	130	105	k__Bacteria; p__Chloroflexi; c__; o__; f__; g__Roseiflexus
OTU0299	80	120	54	37	54	155	111	97	127	87	58	58	22	20	62	32	41	94	79	92	7	1	1	2	2	5	4	2	4	0	0	1	7	7	2	0	0	5	21	1	6	9	20	7	9	12	6	11	7	13	3	11	38	23	7	28	14	4	35	9	k__Bacteria; p__Acidobacteria; c__; o__; f__; g__Granulicella
OTU0300	170	130	146	101	38	151	237	157	213	116	151	154	45	38	129	51	104	102	223	143	29	19	6	9	22	22	14	9	15	5	1	6	27	47	16	4	20	26	71	7	28	54	102	50	112	61	53	92	63	111	37	67	114	128	76	106	76	12	137	62	k__Bacteria; p__Verrucomicrobia; c__; o__; f__; g__Candidatus_Udaeobacter
OTU0301	22	10	29	20	4	12	30	15	23	19	26	38	12	5	28	6	9	7	35	16	52	14	26	21	12	32	31	45	38	13	18	33	37	42	58	11	22	19	73	17	30	46	24	20	56	23	37	31	39	51	11	36	11	49	24	34	19	14	32	65	k__Bacteria; p__Bacteroidetes; c__; o__; f__; g__Mucilaginibacter
OTU0302	16	16	20	7	7	19	22	11	21	12	22	14	3	4	17	8	7	12	23	24	11	6	4	5	10	3	12	8	11	5	4	7	7	9	20	1	7	5	13	0	4	7	16	6	17	12	11	11	6	17	5	7	8	11	15	19	6	3	19	16	k__Bacteria; p__Chloroflexi; c__; o__; f__; g__Ktedonobacter
OTU0303	45	45	61	32	10	61	83	47	85	48	48	72	19	27	64	15	32	36	96	54	63	18	13	33	27	48	42	25	41	15	11	33	34	45	47	11	12	35	68	26	22	58	62	35	84	61	71	54	51	77	17	63	36	61	50	68	45	35	67	71	k__Bacteria; p__Verrucomicrobia; c__; o__; f__; g__Candidatus_Udaeobacter
OTU0304	62	42	73	44	10	55	82	53	73	27	64	62	14	31	59	11	38	27	96	47	117	39	45	42	42	77	98	65	64	22	50	53	89	76	133	29	62	49	131	39	40	83	67	53	106	74	98	82	70	78	34	92	53	105	40	63	42	61	75	106	k__Bacteria; p__Firmicutes; c__; o__; f__; g__Clostridium
OTU0305	591	888	528	320	324	979	956	661	827	656	479	541	188	142	448	232	308	498	707	634	147	56	34	72	77	108	77	74	89	24	17	111	120	162	106	11	72	107	259	41	93	206	301	126	291	202	176	223	160	300	93	199	322	360	222	304	209	61	357	207	k__Bacteria; p__Acidobacteria; c__; o__; f__; g__Acidobacterium
OTU0306	2	0	1	2	0	0	1	0	1	0	0	1	0	0	1	0	0	1	4	0	6	3	4	0	2	2	7	5	5	0	6	4	0	5	9	4	1	0	7	6	2	4	1	1	2	6	5	4	3	5	2	3	0	3	1	4	1	6	1	6	k__Bacteria; p__Bacteroidetes; c__; o__; f__; g__Chitinophaga
OTU0307	105	49	107	81	12	57	128	85	120	47	129	136	33	31	98	18	54	39	166	85	226	86	106	89	84	160	202	136	176	51	90	145	185	176	253	57	92	93	252	105	85	172	135	91	197	138	201	184	182	175	60	165	69	231	105	126	128	126	149	250	k__Bacteria; p__Proteobacteria; c__; o__; f__; g__Bradyrhizobium
OTU0308	48	6	74	54	0	9	54	9	31	12	84	80	14	29	56	1	32	1	133	24	734	202	439	280	256	505	710	488	525	145	375	402	453	444	937	198	354	304	664	326	201	415	164	211	394	249	479	327	375	348	132	421	72	275	141	150	176	363	152	613	k__Bacteria; p__Firmicutes; c__; o__; f__; g__Bacillus
OTU0309	39	25	42	32	6	43	64	41	54	29	42	36	14	13	32	18	16	20	55	24	48	16	21	20	20	33	26	23	16	10	18	25	28	38	37	11	19	21	58	14	17	56	34	30	59	41	52	51	34	68	10	39	28	46	37	39	26	32	43	53	k__Bacteria; p__Verrucomicrobia; c__; o__; f__; g__Candidatus_Udaeobacter
OTU0310	68	45	102	65	11	49	117	49	83	39	94	95	18	36	63	15	41	26	134	64	225	80	147	90	88	149	233	144	145	64	129	114	158	172	274	60	101	105	232	109	85	144	102	82	153	113	192	123	145	157	54	155	56	169	89	105	80	107	96	200	k__Bacteria; p__Proteobacteria; c__; o__; f__; g__Rhodoplanes
OTU0311	10	2	13	6	2	3	8	6	12	3	11	15	3	4	6	3	7	4	20	9	17	4	7	8	5	9	11	6	13	4	8	4	9	16	18	4	8	4	20	6	7	14	9	5	31	15	16	14	11	20	8	10	5	18	8	14	6	8	8	24	k__Bacteria; p__Actinobacteria; c__; o__; f__; g__Mycobacterium
OTU0312	28	28	28	22	4	24	42	28	42	22	32	33	8	8	27	6	15	13	34	30	80	19	47	32	23	52	66	52	49	9	93	42	48	55	93	26	44	50	74	42	24	49	31	27	52	32	48	37	38	47	16	48	28	37	32	24	32	36	34	65	k__Bacteria; p__Firmicutes; c__; o__; f__; g__Paenibacillus
OTU0313	1	0	3	2	0	0	2	0	3	1	1	3	0	3	0	1	0	0	2	1	48	7	56	33	18	35	66	49	49	17	66	29	25	17	85	19	37	17	32	32	19	22	4	14	14	15	24	14	21	20	10	18	2	10	9	7	6	30	6	34	k__Bacteria; p__Firmicutes; c__; o__; f__; g__Clostridium
OTU0314	158	138	132	99	41	135	193	106	159	111	124	160	39	56	127	35	108	94	240	151	287	87	161	115	97	202	247	169	210	77	229	131	204	204	369	89	136	120	286	110	72	178	133	94	216	151	204	203	178	207	75	181	100	205	125	159	133	128	143	245	k__Bacteria; p__Proteobacteria; c__; o__; f__; g__Rhodoplanes
OTU0315	80	106	64	41	33	153	125	86	105	93	61	87	28	27	68	22	37	80	88	78	17	13	8	9	12	21	23	17	21	6	3	11	21	25	16	8	12	16	45	8	11	31	39	23	43	14	25	35	22	48	20	49	46	64	29	39	32	18	60	32	k__Bacteria; p__Acidobacteria; c__; o__; f__; g__Granulicella
OTU0316	9	7	10	13	1	3	14	11	11	5	10	13	1	4	4	3	3	1	15	4	35	10	15	14	14	11	32	19	25	11	10	22	19	12	29	11	14	13	29	13	9	19	13	12	26	17	39	22	23	24	9	25	5	26	8	15	17	14	19	22	k__Bacteria; p__Verrucomicrobia; c__; o__; f__; g__Chthoniobacter
OTU0317	20	20	12	6	13	34	22	15	22	16	10	11	2	3	11	6	9	14	21	19	11	3	0	2	2	9	3	1	3	0	1	1	4	5	2	0	1	5	9	2	2	13	10	8	6	10	4	4	9	11	3	10	10	13	9	16	7	4	19	8	k__Bacteria; p__Verrucomicrobia; c__; o__; f__; g__Chthoniobacter
OTU0318	8	7	6	6	2	6	11	5	5	6	7	3	1	3	8	0	4	3	12	5	12	0	1	4	5	5	5	5	7	0	2	5	3	8	8	1	3	6	5	2	2	6	10	4	11	8	6	4	2	7	5	6	8	8	6	1	2	1	7	4	k__Bacteria; p__Chloroflexi; c__; o__; f__; g__Roseiflexus
OTU0319	58	13	88	74	1	10	72	26	63	12	91	108	15	46	61	5	30	8	132	38	354	117	96	131	142	276	195	185	189	69	49	225	261	279	300	54	168	167	400	118	157	305	175	162	283	232	309	256	284	271	94	286	68	255	154	174	162	142	165	329	k__Bacteria; p__Chloroflexi; c__; o__; f__; g__Ktedonobacter
